"Popolazione per età, vista per singola area - Comune: 032006 - Trieste"

"Ricostruzione della popolazione intercensuaria - Popolazione al 1° gennaio per età"
"Tutte le cittadinanze - Comune: Trieste"
Età/Anno;2002;2003;2004;2005;2006;2007;2008;2009;2010;2011;2012;2013;2014;2015;2016;2017;2018;2019
Età;Totale
0;1488;1443;1475;1596;1480;1537;1554;1573;1517;1554;1473;1547;1400;1436;1336;1323;1317;1282
1;1509;1490;1437;1485;1582;1482;1513;1534;1558;1531;1550;1478;1535;1385;1422;1347;1327;1306
2;1455;1516;1502;1440;1480;1566;1474;1522;1541;1544;1511;1552;1492;1524;1385;1409;1343;1332
3;1391;1453;1513;1510;1438;1468;1562;1487;1521;1544;1558;1525;1559;1491;1513;1372;1421;1342
4;1392;1400;1433;1517;1507;1441;1471;1555;1498;1535;1545;1569;1537;1560;1506;1513;1371;1436
5;1400;1396;1403;1442;1519;1508;1446;1489;1568;1506;1533;1549;1575;1555;1557;1515;1518;1361
6;1342;1411;1416;1423;1445;1515;1519;1464;1489;1574;1521;1545;1554;1583;1561;1559;1529;1536
7;1399;1345;1421;1421;1426;1446;1515;1522;1477;1506;1580;1534;1550;1566;1591;1556;1564;1536
8;1391;1399;1353;1428;1443;1427;1453;1538;1526;1486;1512;1589;1544;1557;1575;1591;1552;1584
9;1553;1407;1395;1360;1431;1449;1447;1465;1555;1535;1502;1529;1594;1543;1558;1583;1595;1559
10;1481;1557;1418;1409;1359;1431;1457;1450;1491;1564;1528;1512;1538;1596;1546;1560;1597;1598
11;1454;1469;1556;1425;1427;1374;1449;1470;1464;1501;1564;1535;1512;1538;1605;1540;1555;1616
12;1406;1458;1472;1561;1430;1441;1395;1474;1495;1480;1512;1572;1543;1512;1534;1600;1561;1574
13;1384;1408;1469;1481;1573;1439;1455;1428;1501;1506;1484;1514;1586;1559;1529;1536;1604;1578
14;1300;1382;1405;1473;1494;1575;1462;1470;1438;1511;1522;1492;1539;1607;1557;1530;1544;1628
15;1328;1300;1392;1415;1494;1514;1588;1487;1496;1456;1526;1513;1514;1554;1613;1559;1542;1574
16;1383;1323;1297;1398;1425;1515;1545;1610;1501;1501;1461;1544;1531;1508;1574;1623;1560;1572
17;1340;1385;1319;1292;1409;1444;1531;1558;1634;1514;1521;1473;1561;1540;1518;1586;1646;1578
18;1400;1344;1400;1341;1299;1420;1469;1546;1589;1646;1539;1540;1496;1564;1541;1564;1622;1668
19;1407;1417;1348;1410;1361;1337;1461;1501;1599;1611;1662;1554;1563;1516;1583;1577;1612;1665
20;1416;1415;1438;1367;1419;1384;1395;1520;1556;1650;1650;1680;1583;1592;1550;1644;1659;1656
21;1518;1419;1429;1449;1395;1438;1433;1460;1585;1612;1688;1668;1719;1626;1623;1608;1737;1684
22;1553;1540;1446;1458;1481;1417;1491;1510;1540;1642;1657;1717;1711;1753;1661;1694;1686;1791
23;1929;1575;1553;1466;1485;1514;1486;1543;1567;1604;1698;1700;1754;1742;1786;1745;1749;1725
24;1908;1962;1598;1567;1485;1516;1548;1560;1614;1612;1662;1740;1740;1780;1773;1856;1821;1796
25;2343;1953;2034;1674;1597;1534;1576;1633;1633;1675;1669;1694;1773;1777;1833;1846;1951;1874
26;2550;2383;2013;2073;1715;1641;1627;1644;1700;1693;1723;1722;1750;1849;1815;1946;1964;1985
27;2803;2584;2418;2058;2069;1747;1727;1700;1731;1750;1754;1790;1799;1778;1927;1929;2085;2053
28;2897;2846;2623;2445;2088;2091;1800;1801;1757;1785;1810;1832;1871;1849;1843;2009;2034;2152
29;3165;2931;2861;2663;2450;2111;2146;1864;1877;1818;1796;1890;1882;1894;1885;1925;2111;2082
30;3130;3174;2953;2901;2668;2486;2163;2175;1917;1934;1857;1849;1937;1906;1972;1960;1985;2198
31;3154;3133;3204;2980;2894;2670;2523;2211;2211;1945;1951;1902;1894;1944;1951;2048;2013;2040
32;3082;3145;3109;3220;2985;2904;2687;2554;2253;2237;2003;1976;1927;1928;1963;2009;2095;2077
33;3123;3072;3187;3161;3209;2964;2899;2711;2579;2276;2247;2028;2023;1940;1950;2015;2044;2119
34;3122;3133;3086;3192;3161;3215;2995;2920;2718;2604;2319;2271;2060;2075;1962;1996;2036;2091
35;3331;3141;3117;3098;3172;3139;3242;2989;2942;2703;2593;2348;2305;2062;2092;2016;2035;2049
36;3377;3318;3146;3153;3084;3158;3169;3249;2991;2930;2682;2632;2370;2322;2080;2119;2049;2047
37;3442;3387;3297;3127;3146;3091;3182;3170;3272;3034;2931;2718;2659;2383;2342;2068;2137;2083
38;3213;3421;3368;3298;3121;3131;3074;3195;3168;3262;3013;2938;2756;2644;2403;2367;2075;2140
39;3128;3209;3418;3377;3284;3109;3124;3087;3192;3159;3258;3028;2974;2764;2662;2419;2371;2082
40;3000;3104;3206;3408;3373;3278;3104;3133;3086;3177;3156;3254;3067;2981;2773;2673;2452;2386
41;2909;2997;3093;3210;3404;3376;3267;3112;3140;3095;3167;3177;3268;3089;2990;2790;2732;2466
42;2899;2891;2980;3085;3208;3401;3381;3260;3110;3156;3075;3212;3212;3272;3085;3009;2824;2778
43;2798;2896;2889;2989;3071;3210;3416;3386;3270;3108;3140;3094;3213;3220;3269;3080;3017;2848
44;2745;2793;2874;2877;2975;3048;3215;3431;3400;3274;3112;3143;3117;3221;3216;3275;3097;3007
45;2753;2727;2789;2862;2874;2967;3045;3228;3423;3407;3269;3134;3150;3128;3239;3232;3287;3114
46;2706;2748;2725;2788;2862;2870;2961;3063;3226;3423;3417;3272;3174;3151;3130;3235;3235;3291
47;2621;2705;2737;2724;2771;2858;2874;2976;3070;3241;3432;3416;3306;3188;3137;3134;3227;3248
48;2540;2606;2694;2722;2708;2764;2856;2879;2976;3066;3238;3465;3424;3315;3204;3143;3139;3253
49;2665;2534;2578;2683;2708;2709;2769;2862;2879;2991;3051;3247;3459;3437;3331;3188;3152;3155
50;2682;2642;2510;2566;2665;2718;2716;2773;2837;2886;2990;3059;3264;3467;3428;3318;3202;3170
51;2966;2663;2612;2496;2557;2657;2730;2706;2772;2851;2894;3006;3079;3261;3476;3439;3355;3205
52;2857;2942;2645;2609;2496;2543;2670;2739;2705;2754;2845;2893;3016;3098;3260;3465;3464;3357
53;3200;2833;2910;2638;2580;2496;2553;2673;2743;2712;2754;2861;2920;3021;3087;3259;3473;3465
54;3326;3180;2819;2897;2623;2574;2498;2554;2675;2733;2719;2751;2879;2920;3023;3090;3273;3482
55;3396;3314;3159;2816;2870;2602;2569;2504;2572;2678;2719;2711;2766;2885;2912;3013;3095;3298
56;2391;3381;3287;3140;2795;2836;2594;2573;2498;2568;2676;2733;2715;2764;2877;2924;3013;3101
57;2888;2380;3348;3263;3120;2763;2828;2573;2554;2489;2562;2664;2740;2722;2769;2864;2916;3039
58;2977;2857;2350;3318;3252;3107;2753;2803;2582;2546;2485;2555;2671;2747;2702;2766;2862;2910
59;3007;2951;2822;2336;3296;3210;3100;2746;2788;2577;2536;2465;2549;2657;2722;2711;2765;2844
60;3245;2979;2916;2804;2302;3270;3193;3078;2738;2782;2578;2499;2450;2544;2651;2697;2705;2759
61;3475;3206;2947;2889;2788;2277;3258;3163;3057;2710;2773;2560;2489;2448;2556;2634;2703;2710
62;3345;3439;3174;2929;2857;2766;2253;3229;3156;3053;2685;2776;2549;2497;2440;2539;2635;2701
63;3302;3296;3405;3131;2891;2812;2743;2227;3193;3140;3034;2663;2767;2523;2481;2436;2519;2621
64;3027;3259;3241;3359;3084;2857;2795;2718;2214;3160;3101;3008;2650;2755;2493;2469;2437;2495
65;2768;2982;3221;3210;3339;3048;2832;2760;2697;2206;3119;3078;2989;2621;2740;2476;2457;2425
66;2841;2737;2928;3177;3173;3285;2994;2814;2740;2665;2196;3097;3054;2956;2597;2717;2478;2455
67;2685;2795;2686;2898;3137;3140;3265;2977;2771;2699;2642;2177;3064;3024;2934;2586;2699;2442
68;2714;2631;2752;2635;2865;3082;3103;3221;2950;2731;2665;2610;2162;3029;2983;2885;2567;2687
69;2618;2674;2594;2710;2593;2821;3056;3062;3201;2901;2684;2636;2582;2123;3000;2953;2847;2541
70;2706;2560;2618;2540;2671;2571;2773;3022;3023;3157;2857;2652;2590;2549;2102;2966;2937;2812
71;2799;2647;2512;2566;2487;2613;2539;2738;2977;2979;3107;2804;2625;2567;2515;2070;2950;2899
72;2531;2734;2574;2460;2509;2454;2573;2506;2698;2926;2904;3058;2763;2582;2535;2474;2045;2911
73;2368;2456;2644;2519;2385;2444;2418;2518;2447;2647;2880;2839;3003;2703;2554;2477;2430;2014
74;2366;2305;2380;2583;2447;2328;2390;2361;2464;2393;2591;2807;2772;2935;2667;2520;2421;2370
75;2527;2278;2225;2311;2494;2378;2269;2320;2297;2410;2333;2524;2747;2704;2869;2618;2462;2374
76;2530;2428;2178;2138;2264;2430;2319;2198;2261;2223;2353;2275;2471;2654;2639;2808;2560;2409
77;2398;2432;2330;2110;2059;2184;2357;2242;2135;2188;2162;2271;2205;2406;2568;2567;2758;2506
78;2505;2281;2327;2243;2026;1992;2088;2265;2157;2054;2114;2099;2204;2147;2335;2498;2482;2679
79;2598;2383;2171;2203;2148;1956;1917;1996;2171;2054;1973;2033;2032;2141;2045;2260;2422;2391
80;2561;2475;2235;2055;2107;2069;1853;1814;1917;2097;1949;1904;1934;1967;2080;1984;2178;2325
81;2515;2418;2337;2112;1943;2000;1959;1755;1714;1829;1998;1849;1805;1851;1865;1991;1904;2097
82;1609;2354;2260;2180;1980;1831;1875;1855;1669;1615;1734;1876;1754;1712;1750;1765;1884;1823
83;788;1496;2201;2107;2020;1867;1716;1740;1741;1549;1511;1642;1779;1659;1611;1655;1663;1805
84;740;714;1382;2046;1944;1851;1729;1575;1607;1612;1410;1388;1520;1673;1531;1504;1564;1561
85;648;649;654;1255;1854;1759;1716;1589;1462;1467;1493;1319;1288;1423;1543;1432;1400;1457
86;1024;570;579;583;1135;1668;1609;1569;1420;1332;1343;1388;1216;1193;1301;1421;1330;1332
87;1237;917;487;525;518;1009;1500;1429;1400;1273;1195;1208;1262;1112;1080;1188;1290;1229
88;1020;1084;811;423;478;453;909;1317;1261;1243;1135;1050;1067;1144;989;955;1064;1165
89;913;866;937;670;361;421;399;776;1155;1127;1091;987;917;926;1004;871;862;966
90;730;795;746;793;576;317;363;329;664;1002;969;937;834;796;823;864;765;773
91;620;612;654;640;648;488;268;308;286;541;851;824;797;712;671;712;735;653
92;473;503;502;550;534;542;405;226;249;243;450;675;697;684;569;551;585;612
93;329;378;410;418;464;436;459;322;189;211;195;352;547;572;532;476;434;490
94;259;268;302;339;338;375;357;362;258;151;177;149;280;433;451;433;385;341
95;165;201;204;240;270;261;297;258;271;190;118;135;118;222;334;355;327;305
96;122;138;150;145;195;205;194;230;191;204;143;91;106;97;160;273;279;252
97;76;89;106;106;104;146;154;134;159;140;149;97;68;75;66;121;189;203
98;51;54;67;80;73;75;107;110;97;117;99;102;68;46;53;48;86;145
99;34;32;42;52;55;43;55;81;83;65;93;73;60;46;25;36;34;71
100 e oltre;67;63;58;63;78;90;79;93;110;126;122;134;141;147;105;81;81;79
Totale;211042;209366;207696;206778;205332;204190;204090;203900;203817;203474;202778;202547;202625;202244;201554;201636;202150;202351
Età/Anno;2002;2003;2004;2005;2006;2007;2008;2009;2010;2011;2012;2013;2014;2015;2016;2017;2018;2019
Età;Maschi
0;754;752;761;838;787;783;791;842;776;796;796;794;751;747;707;703;654;652
1;791;749;742;760;827;792;773;789;833;776;790;799;781;747;745;720;692;652
2;741;788;764;748;755;828;784;771;797;822;764;784;807;774;746;719;715;683
3;686;737;789;773;744;753;838;799;779;807;829;771;784;802;768;735;724;708
4;728;696;730;794;767;744;762;836;806;783;810;840;790;788;815;771;728;733
5;723;735;707;733;790;765;741;763;839;805;784;808;843;794;794;824;773;726
6;703;727;750;720;737;791;771;754;754;839;812;791;809;842;799;787;831;780
7;695;706;729;753;720;739;785;766;764;762;844;816;790;811;839;792;792;838
8;726;694;706;731;766;717;744;794;772;771;769;849;824;792;812;839;788;805
9;800;735;695;711;727;763;726;743;800;781;778;775;844;815;788;810;846;796
10;763;800;736;699;713;723;760;729;754;807;778;782;781;846;818;789;820;846
11;699;755;804;739;708;715;727;769;736;758;812;783;779;780;853;814;785;833
12;769;698;760;811;743;718;729;736;782;742;762;815;786;779;778;849;831;797
13;725;770;703;765;817;755;723;744;749;792;747;770;823;798;786;770;849;841
14;683;721;767;703;773;822;768;730;751;753;806;752;782;835;795;784;776;860
15;718;681;730;771;719;780;831;785;747;762;756;800;761;794;836;806;791;800
16;706;714;681;732;776;729;793;844;793;753;767;773;810;753;808;845;802;809
17;673;702;715;677;736;783;748;798;860;800;758;777;785;815;763;821;861;818
18;734;680;713;727;682;744;800;758;824;867;820;774;790;786;818;806;850;872
19;741;743;676;716;741;704;769;818;795;839;876;823;783;793;807;848;848;873
20;746;738;755;685;718;750;737;801;856;817;854;889;841;796;813;847;909;878
21;779;748;741;754;700;727;772;775;834;881;830;867;909;859;818;857;912;931
22;761;793;769;756;776;709;755;809;816;853;904;847;891;927;879;871;910;953
23;1004;779;795;769;761;795;748;784;825;849;872;926;867;904;945;937;908;931
24;1000;1019;793;803;783;763;810;772;806;850;864;890;945;882;925;992;1002;934
25;1162;1016;1050;830;817;803;796;848;800;844;861;877;908;953;913;972;1057;1033
26;1248;1187;1041;1072;849;830;847;830;884;827;868;888;901;945;978;991;1044;1081
27;1457;1265;1203;1061;1069;865;875;886;878;918;852;892;921;910;984;1047;1090;1096
28;1451;1473;1289;1219;1069;1066;891;891;900;910;952;895;939;954;953;1038;1103;1135
29;1652;1472;1474;1309;1210;1073;1095;917;926;930;904;989;918;959;983;999;1104;1120
30;1568;1647;1480;1493;1300;1233;1093;1101;953;959;943;948;1022;939;1010;1046;1044;1171
31;1602;1565;1650;1475;1485;1299;1257;1124;1116;964;961;973;977;1034;962;1045;1085;1078
32;1586;1585;1547;1659;1485;1485;1303;1257;1144;1121;987;991;989;995;1040;1001;1069;1135
33;1575;1556;1596;1565;1652;1469;1471;1321;1267;1157;1138;1001;1017;993;1006;1070;1028;1093
34;1549;1573;1558;1590;1541;1654;1477;1476;1316;1281;1167;1154;1020;1048;1022;1033;1082;1059
35;1669;1553;1576;1567;1580;1531;1666;1458;1479;1303;1272;1188;1179;1016;1065;1051;1049;1101
36;1664;1651;1563;1604;1547;1571;1540;1664;1461;1468;1290;1295;1187;1178;1028;1074;1061;1058
37;1749;1669;1649;1554;1610;1543;1596;1528;1677;1480;1472;1302;1315;1195;1181;1019;1092;1073
38;1645;1747;1651;1647;1558;1595;1536;1608;1529;1670;1466;1475;1331;1303;1209;1204;1021;1096
39;1581;1650;1744;1659;1633;1551;1591;1545;1606;1529;1660;1472;1486;1334;1309;1214;1212;1017
40;1572;1570;1648;1731;1651;1627;1535;1601;1547;1584;1515;1661;1492;1496;1340;1309;1237;1213
41;1477;1568;1561;1652;1717;1652;1622;1524;1594;1551;1569;1530;1666;1503;1508;1352;1333;1242
42;1464;1466;1562;1557;1655;1707;1652;1615;1524;1589;1532;1593;1546;1678;1499;1525;1368;1353
43;1372;1456;1463;1568;1545;1652;1711;1652;1617;1515;1578;1532;1592;1560;1671;1488;1530;1376
44;1359;1369;1444;1459;1547;1529;1650;1705;1655;1609;1501;1579;1542;1589;1552;1670;1496;1528
45;1421;1343;1362;1434;1448;1535;1527;1662;1698;1662;1607;1515;1580;1550;1602;1561;1680;1512
46;1340;1419;1338;1362;1434;1445;1525;1524;1653;1703;1668;1594;1541;1573;1562;1597;1566;1683
47;1322;1347;1410;1334;1344;1424;1443;1527;1528;1652;1710;1668;1616;1543;1560;1565;1593;1568
48;1218;1312;1336;1400;1329;1340;1425;1446;1521;1523;1653;1727;1666;1619;1554;1565;1560;1607
49;1292;1210;1297;1333;1392;1332;1336;1420;1443;1524;1515;1657;1724;1669;1628;1538;1565;1559
50;1295;1281;1190;1287;1319;1393;1333;1339;1403;1443;1523;1519;1657;1732;1665;1622;1549;1569
51;1365;1284;1263;1176;1287;1312;1395;1316;1329;1404;1448;1529;1528;1653;1737;1664;1629;1555
52;1403;1354;1272;1261;1173;1271;1314;1390;1307;1320;1401;1448;1525;1533;1650;1730;1679;1634
53;1564;1385;1340;1272;1240;1169;1275;1311;1384;1305;1306;1405;1457;1523;1525;1651;1728;1668
54;1555;1557;1371;1337;1263;1234;1166;1265;1297;1378;1303;1303;1405;1453;1523;1524;1660;1731
55;1611;1552;1537;1365;1327;1254;1240;1166;1269;1293;1368;1294;1308;1414;1452;1520;1522;1655
56;1146;1607;1534;1526;1351;1303;1249;1233;1156;1257;1288;1366;1295;1301;1410;1453;1523;1509
57;1355;1136;1593;1519;1511;1329;1297;1235;1217;1152;1252;1279;1370;1302;1298;1406;1438;1539
58;1423;1334;1117;1573;1506;1506;1318;1273;1241;1206;1148;1250;1279;1374;1284;1294;1398;1431
59;1408;1406;1308;1106;1565;1484;1501;1314;1262;1233;1203;1136;1248;1276;1360;1284;1290;1381
60;1512;1396;1388;1293;1092;1550;1474;1484;1301;1251;1231;1186;1125;1239;1270;1341;1284;1294
61;1603;1491;1370;1371;1283;1077;1543;1453;1464;1279;1250;1215;1177;1121;1246;1259;1344;1277
62;1592;1581;1478;1364;1356;1263;1061;1530;1445;1453;1265;1249;1208;1177;1125;1232;1246;1341
63;1527;1560;1556;1446;1343;1332;1251;1043;1508;1437;1435;1247;1241;1189;1164;1122;1214;1235
64;1412;1500;1530;1524;1420;1328;1316;1231;1039;1489;1412;1414;1226;1236;1162;1154;1125;1198
65;1259;1383;1475;1505;1511;1387;1314;1295;1219;1035;1463;1388;1403;1210;1227;1149;1144;1115
66;1297;1234;1345;1438;1483;1472;1359;1301;1273;1202;1029;1443;1370;1390;1194;1208;1145;1136
67;1212;1260;1194;1329;1422;1454;1463;1340;1275;1248;1182;1013;1427;1356;1374;1180;1191;1120
68;1168;1178;1238;1166;1309;1395;1432;1439;1317;1249;1230;1162;996;1411;1328;1350;1168;1183
69;1124;1139;1159;1211;1143;1275;1377;1405;1422;1290;1219;1209;1141;978;1396;1308;1325;1154
70;1150;1085;1107;1129;1187;1134;1238;1353;1372;1397;1268;1197;1186;1114;969;1366;1290;1302
71;1221;1113;1064;1077;1099;1154;1106;1212;1328;1350;1369;1239;1179;1172;1094;950;1355;1264
72;1005;1178;1071;1030;1050;1070;1127;1080;1185;1303;1305;1346;1214;1151;1149;1067;931;1333
73;965;962;1124;1042;987;1018;1048;1093;1040;1150;1274;1267;1316;1183;1136;1118;1041;914
74;980;930;920;1096;1004;961;983;1000;1063;1002;1118;1230;1232;1273;1159;1115;1081;999
75;912;935;884;880;1039;958;930;935;968;1036;967;1078;1194;1191;1231;1132;1075;1053
76;912;859;884;837;858;1001;926;890;909;921;1011;936;1051;1145;1154;1203;1101;1048
77;853;860;807;847;806;817;958;889;853;858;888;963;894;1015;1099;1110;1181;1068
78;918;796;812;768;802;772;765;912;846;810;816;855;923;866;975;1063;1055;1138
79;891;864;745;754;732;771;735;730;866;791;767;769;818;893;818;928;1021;1004
80;879;840;796;706;699;689;722;680;693;821;739;726;720;787;861;788;884;965
81;797;803;764;739;657;656;635;664;635;650;779;692;680;685;727;814;744;849
82;516;725;745;694;679;599;613;596;619;587;606;711;644;632;638;686;755;701
83;241;461;657;684;636;642;552;565;545;560;532;564;669;597;588;590;629;707
84;228;212;421;598;613;566;589;493;512;493;491;470;517;619;539;538;553;586
85;200;191;187;366;516;540;519;532;454;457;441;445;429;478;556;503;486;516
86;278;169;163;161;325;450;491;460;467;406;409;397;397;388;423;495;463;461
87;358;236;143;143;144;277;389;413;396;415;338;348;345;349;356;368;435;428
88;270;311;211;119;132;121;251;329;351;343;362;279;292;313;296;308;322;385
89;238;223;264;173;104;106;101;199;257;303;282;305;245;243;271;242;261;279
90;171;200;184;215;153;88;81;74;158;214;248;228;244;202;209;232;207;231
91;140;138;147;139;168;126;72;62;65;121;179;199;180;196;161;172;188;170
92;105;116;113;113;116;140;96;61;51;51;96;132;156;147;150;128;131;149
93;76;80;90;89;93;90;121;69;51;40;34;64;102;116;110;120;94;104
94;42;56;63;68;66;72;74;88;52;40;31;26;50;79;83;89;97;73
95;21;33;35;48;53;46;54;48;60;40;34;23;21;37;55;58;65;71
96;20;16;22;24;39;35;35;36;29;42;28;26;12;17;29;45;47;50
97;10;9;11;13;17;27;22;22;23;20;27;16;18;8;7;16;31;31
98;10;6;4;7;8;11;14;14;13;17;14;19;10;11;7;5;13;24
99;7;6;4;1;5;5;8;11;14;9;12;8;6;6;6;5;4;13
100 e oltre;7;8;5;5;4;7;1;6;13;20;18;16;18;18;14;14;10;7
Totale;98095;97368;96708;96436;95928;95440;95579;95518;95580;95529;95262;95320;95579;95594;95634;96029;96618;96984
Età/Anno;2002;2003;2004;2005;2006;2007;2008;2009;2010;2011;2012;2013;2014;2015;2016;2017;2018;2019
Età;Femmine
0;734;691;714;758;693;754;763;731;741;758;677;753;649;689;629;620;663;630
1;718;741;695;725;755;690;740;745;725;755;760;679;754;638;677;627;635;654
2;714;728;738;692;725;738;690;751;744;722;747;768;685;750;639;690;628;649
3;705;716;724;737;694;715;724;688;742;737;729;754;775;689;745;637;697;634
4;664;704;703;723;740;697;709;719;692;752;735;729;747;772;691;742;643;703
5;677;661;696;709;729;743;705;726;729;701;749;741;732;761;763;691;745;635
6;639;684;666;703;708;724;748;710;735;735;709;754;745;741;762;772;698;756
7;704;639;692;668;706;707;730;756;713;744;736;718;760;755;752;764;772;698
8;665;705;647;697;677;710;709;744;754;715;743;740;720;765;763;752;764;779
9;753;672;700;649;704;686;721;722;755;754;724;754;750;728;770;773;749;763
10;718;757;682;710;646;708;697;721;737;757;750;730;757;750;728;771;777;752
11;755;714;752;686;719;659;722;701;728;743;752;752;733;758;752;726;770;783
12;637;760;712;750;687;723;666;738;713;738;750;757;757;733;756;751;730;777
13;659;638;766;716;756;684;732;684;752;714;737;744;763;761;743;766;755;737
14;617;661;638;770;721;753;694;740;687;758;716;740;757;772;762;746;768;768
15;610;619;662;644;775;734;757;702;749;694;770;713;753;760;777;753;751;774
16;677;609;616;666;649;786;752;766;708;748;694;771;721;755;766;778;758;763
17;667;683;604;615;673;661;783;760;774;714;763;696;776;725;755;765;785;760
18;666;664;687;614;617;676;669;788;765;779;719;766;706;778;723;758;772;796
19;666;674;672;694;620;633;692;683;804;772;786;731;780;723;776;729;764;792
20;670;677;683;682;701;634;658;719;700;833;796;791;742;796;737;797;750;778
21;739;671;688;695;695;711;661;685;751;731;858;801;810;767;805;751;825;753
22;792;747;677;702;705;708;736;701;724;789;753;870;820;826;782;823;776;838
23;925;796;758;697;724;719;738;759;742;755;826;774;887;838;841;808;841;794
24;908;943;805;764;702;753;738;788;808;762;798;850;795;898;848;864;819;862
25;1181;937;984;844;780;731;780;785;833;831;808;817;865;824;920;874;894;841
26;1302;1196;972;1001;866;811;780;814;816;866;855;834;849;904;837;955;920;904
27;1346;1319;1215;997;1000;882;852;814;853;832;902;898;878;868;943;882;995;957
28;1446;1373;1334;1226;1019;1025;909;910;857;875;858;937;932;895;890;971;931;1017
29;1513;1459;1387;1354;1240;1038;1051;947;951;888;892;901;964;935;902;926;1007;962
30;1562;1527;1473;1408;1368;1253;1070;1074;964;975;914;901;915;967;962;914;941;1027
31;1552;1568;1554;1505;1409;1371;1266;1087;1095;981;990;929;917;910;989;1003;928;962
32;1496;1560;1562;1561;1500;1419;1384;1297;1109;1116;1016;985;938;933;923;1008;1026;942
33;1548;1516;1591;1596;1557;1495;1428;1390;1312;1119;1109;1027;1006;947;944;945;1016;1026
34;1573;1560;1528;1602;1620;1561;1518;1444;1402;1323;1152;1117;1040;1027;940;963;954;1032
35;1662;1588;1541;1531;1592;1608;1576;1531;1463;1400;1321;1160;1126;1046;1027;965;986;948
36;1713;1667;1583;1549;1537;1587;1629;1585;1530;1462;1392;1337;1183;1144;1052;1045;988;989
37;1693;1718;1648;1573;1536;1548;1586;1642;1595;1554;1459;1416;1344;1188;1161;1049;1045;1010
38;1568;1674;1717;1651;1563;1536;1538;1587;1639;1592;1547;1463;1425;1341;1194;1163;1054;1044
39;1547;1559;1674;1718;1651;1558;1533;1542;1586;1630;1598;1556;1488;1430;1353;1205;1159;1065
40;1428;1534;1558;1677;1722;1651;1569;1532;1539;1593;1641;1593;1575;1485;1433;1364;1215;1173
41;1432;1429;1532;1558;1687;1724;1645;1588;1546;1544;1598;1647;1602;1586;1482;1438;1399;1224
42;1435;1425;1418;1528;1553;1694;1729;1645;1586;1567;1543;1619;1666;1594;1586;1484;1456;1425
43;1426;1440;1426;1421;1526;1558;1705;1734;1653;1593;1562;1562;1621;1660;1598;1592;1487;1472
44;1386;1424;1430;1418;1428;1519;1565;1726;1745;1665;1611;1564;1575;1632;1664;1605;1601;1479
45;1332;1384;1427;1428;1426;1432;1518;1566;1725;1745;1662;1619;1570;1578;1637;1671;1607;1602
46;1366;1329;1387;1426;1428;1425;1436;1539;1573;1720;1749;1678;1633;1578;1568;1638;1669;1608
47;1299;1358;1327;1390;1427;1434;1431;1449;1542;1589;1722;1748;1690;1645;1577;1569;1634;1680
48;1322;1294;1358;1322;1379;1424;1431;1433;1455;1543;1585;1738;1758;1696;1650;1578;1579;1646
49;1373;1324;1281;1350;1316;1377;1433;1442;1436;1467;1536;1590;1735;1768;1703;1650;1587;1596
50;1387;1361;1320;1279;1346;1325;1383;1434;1434;1443;1467;1540;1607;1735;1763;1696;1653;1601
51;1601;1379;1349;1320;1270;1345;1335;1390;1443;1447;1446;1477;1551;1608;1739;1775;1726;1650
52;1454;1588;1373;1348;1323;1272;1356;1349;1398;1434;1444;1445;1491;1565;1610;1735;1785;1723
53;1636;1448;1570;1366;1340;1327;1278;1362;1359;1407;1448;1456;1463;1498;1562;1608;1745;1797
54;1771;1623;1448;1560;1360;1340;1332;1289;1378;1355;1416;1448;1474;1467;1500;1566;1613;1751
55;1785;1762;1622;1451;1543;1348;1329;1338;1303;1385;1351;1417;1458;1471;1460;1493;1573;1643
56;1245;1774;1753;1614;1444;1533;1345;1340;1342;1311;1388;1367;1420;1463;1467;1471;1490;1592
57;1533;1244;1755;1744;1609;1434;1531;1338;1337;1337;1310;1385;1370;1420;1471;1458;1478;1500
58;1554;1523;1233;1745;1746;1601;1435;1530;1341;1340;1337;1305;1392;1373;1418;1472;1464;1479
59;1599;1545;1514;1230;1731;1726;1599;1432;1526;1344;1333;1329;1301;1381;1362;1427;1475;1463
60;1733;1583;1528;1511;1210;1720;1719;1594;1437;1531;1347;1313;1325;1305;1381;1356;1421;1465
61;1872;1715;1577;1518;1505;1200;1715;1710;1593;1431;1523;1345;1312;1327;1310;1375;1359;1433
62;1753;1858;1696;1565;1501;1503;1192;1699;1711;1600;1420;1527;1341;1320;1315;1307;1389;1360
63;1775;1736;1849;1685;1548;1480;1492;1184;1685;1703;1599;1416;1526;1334;1317;1314;1305;1386
64;1615;1759;1711;1835;1664;1529;1479;1487;1175;1671;1689;1594;1424;1519;1331;1315;1312;1297
65;1509;1599;1746;1705;1828;1661;1518;1465;1478;1171;1656;1690;1586;1411;1513;1327;1313;1310
66;1544;1503;1583;1739;1690;1813;1635;1513;1467;1463;1167;1654;1684;1566;1403;1509;1333;1319
67;1473;1535;1492;1569;1715;1686;1802;1637;1496;1451;1460;1164;1637;1668;1560;1406;1508;1322
68;1546;1453;1514;1469;1556;1687;1671;1782;1633;1482;1435;1448;1166;1618;1655;1535;1399;1504
69;1494;1535;1435;1499;1450;1546;1679;1657;1779;1611;1465;1427;1441;1145;1604;1645;1522;1387
70;1556;1475;1511;1411;1484;1437;1535;1669;1651;1760;1589;1455;1404;1435;1133;1600;1647;1510
71;1578;1534;1448;1489;1388;1459;1433;1526;1649;1629;1738;1565;1446;1395;1421;1120;1595;1635
72;1526;1556;1503;1430;1459;1384;1446;1426;1513;1623;1599;1712;1549;1431;1386;1407;1114;1578
73;1403;1494;1520;1477;1398;1426;1370;1425;1407;1497;1606;1572;1687;1520;1418;1359;1389;1100
74;1386;1375;1460;1487;1443;1367;1407;1361;1401;1391;1473;1577;1540;1662;1508;1405;1340;1371
75;1615;1343;1341;1431;1455;1420;1339;1385;1329;1374;1366;1446;1553;1513;1638;1486;1387;1321
76;1618;1569;1294;1301;1406;1429;1393;1308;1352;1302;1342;1339;1420;1509;1485;1605;1459;1361
77;1545;1572;1523;1263;1253;1367;1399;1353;1282;1330;1274;1308;1311;1391;1469;1457;1577;1438
78;1587;1485;1515;1475;1224;1220;1323;1353;1311;1244;1298;1244;1281;1281;1360;1435;1427;1541
79;1707;1519;1426;1449;1416;1185;1182;1266;1305;1263;1206;1264;1214;1248;1227;1332;1401;1387
80;1682;1635;1439;1349;1408;1380;1131;1134;1224;1276;1210;1178;1214;1180;1219;1196;1294;1360
81;1718;1615;1573;1373;1286;1344;1324;1091;1079;1179;1219;1157;1125;1166;1138;1177;1160;1248
82;1093;1629;1515;1486;1301;1232;1262;1259;1050;1028;1128;1165;1110;1080;1112;1079;1129;1122
83;547;1035;1544;1423;1384;1225;1164;1175;1196;989;979;1078;1110;1062;1023;1065;1034;1098
84;512;502;961;1448;1331;1285;1140;1082;1095;1119;919;918;1003;1054;992;966;1011;975
85;448;458;467;889;1338;1219;1197;1057;1008;1010;1052;874;859;945;987;929;914;941
86;746;401;416;422;810;1218;1118;1109;953;926;934;991;819;805;878;926;867;871
87;879;681;344;382;374;732;1111;1016;1004;858;857;860;917;763;724;820;855;801
88;750;773;600;304;346;332;658;988;910;900;773;771;775;831;693;647;742;780
89;675;643;673;497;257;315;298;577;898;824;809;682;672;683;733;629;601;687
90;559;595;562;578;423;229;282;255;506;788;721;709;590;594;614;632;558;542
91;480;474;507;501;480;362;196;246;221;420;672;625;617;516;510;540;547;483
92;368;387;389;437;418;402;309;165;198;192;354;543;541;537;419;423;454;463
93;253;298;320;329;371;346;338;253;138;171;161;288;445;456;422;356;340;386
94;217;212;239;271;272;303;283;274;206;111;146;123;230;354;368;344;288;268
95;144;168;169;192;217;215;243;210;211;150;84;112;97;185;279;297;262;234
96;102;122;128;121;156;170;159;194;162;162;115;65;94;80;131;228;232;202
97;66;80;95;93;87;119;132;112;136;120;122;81;50;67;59;105;158;172
98;41;48;63;73;65;64;93;96;84;100;85;83;58;35;46;43;73;121
99;27;26;38;51;50;38;47;70;69;56;81;65;54;40;19;31;30;58
100 e oltre;60;55;53;58;74;83;78;87;97;106;104;118;123;129;91;67;71;72
Totale;112947;111998;110988;110342;109404;108750;108511;108382;108237;107945;107516;107227;107046;106650;105920;105607;105532;105367

"Ricostruzione della popolazione intercensuaria - Popolazione al 1° gennaio per età"
"Cittadinanza italiana - Comune: Trieste"
Età/Anno;2002;2003;2004;2005;2006;2007;2008;2009;2010;2011;2012;2013;2014;2015;2016;2017;2018;2019
Età;Totale
0;1420;1347;1412;1485;1378;1374;1397;1365;1320;1329;1249;1289;1172;1209;1124;1107;1103;1092
1;1445;1409;1334;1410;1461;1366;1334;1371;1348;1326;1313;1256;1284;1162;1205;1139;1118;1108
2;1386;1445;1412;1330;1397;1435;1342;1322;1371;1330;1312;1312;1265;1280;1176;1208;1138;1113
3;1312;1378;1435;1409;1328;1382;1411;1334;1312;1365;1334;1320;1318;1264;1274;1176;1210;1139
4;1342;1312;1359;1437;1397;1325;1364;1395;1335;1316;1356;1338;1326;1325;1290;1286;1174;1218
5;1329;1334;1304;1355;1430;1395;1308;1367;1398;1334;1312;1362;1349;1341;1334;1313;1290;1160
6;1264;1331;1340;1310;1350;1420;1389;1309;1350;1403;1337;1320;1365;1366;1359;1355;1327;1300
7;1342;1257;1337;1339;1300;1346;1412;1375;1307;1357;1405;1346;1329;1378;1384;1374;1361;1334
8;1321;1339;1257;1330;1343;1297;1341;1418;1373;1314;1354;1414;1353;1341;1397;1406;1374;1373
9;1471;1325;1333;1260;1325;1340;1304;1335;1423;1378;1322;1367;1422;1362;1356;1425;1414;1377
10;1405;1470;1321;1332;1253;1319;1332;1299;1344;1421;1375;1332;1372;1438;1375;1382;1439;1417
11;1366;1392;1467;1325;1340;1258;1320;1325;1299;1349;1418;1384;1343;1379;1454;1385;1382;1449
12;1340;1359;1386;1461;1323;1337;1260;1323;1336;1303;1354;1426;1398;1352;1384;1466;1401;1393
13;1317;1334;1366;1390;1465;1320;1337;1264;1331;1337;1305;1356;1438;1414;1377;1400;1469;1408
14;1234;1314;1328;1366;1394;1459;1325;1342;1262;1332;1338;1324;1377;1460;1424;1397;1407;1481
15;1265;1226;1319;1331;1363;1396;1464;1324;1354;1269;1335;1335;1342;1393;1466;1433;1411;1419
16;1308;1255;1229;1319;1329;1372;1401;1464;1326;1352;1270;1348;1349;1341;1413;1481;1436;1419
17;1249;1306;1250;1221;1316;1332;1373;1402;1466;1322;1360;1278;1360;1360;1350;1428;1499;1441
18;1302;1246;1314;1257;1224;1317;1342;1377;1412;1472;1330;1374;1302;1370;1368;1384;1449;1519
19;1319;1305;1254;1318;1254;1235;1336;1348;1400;1415;1480;1345;1388;1313;1380;1381;1397;1468
20;1304;1326;1315;1265;1310;1255;1258;1352;1367;1429;1424;1490;1356;1400;1329;1407;1416;1420
21;1414;1308;1322;1314;1278;1320;1274;1286;1371;1396;1450;1435;1522;1377;1414;1355;1433;1423
22;1448;1419;1319;1331;1331;1282;1339;1305;1311;1393;1417;1472;1454;1542;1402;1438;1383;1461
23;1813;1461;1412;1322;1336;1345;1305;1338;1317;1331;1404;1445;1489;1477;1558;1441;1449;1404
24;1774;1819;1458;1402;1336;1335;1344;1321;1355;1316;1352;1439;1459;1505;1500;1574;1469;1455
25;2193;1810;1835;1486;1405;1352;1347;1366;1345;1373;1325;1370;1458;1484;1540;1536;1601;1497
26;2349;2206;1826;1845;1497;1419;1378;1367;1391;1371;1384;1377;1415;1519;1494;1589;1580;1618
27;2590;2361;2219;1845;1839;1517;1457;1395;1409;1413;1393;1438;1434;1431;1586;1555;1641;1634
28;2698;2606;2362;2208;1844;1834;1530;1493;1419;1450;1452;1463;1498;1472;1484;1624;1605;1685
29;2959;2703;2594;2373;2199;1848;1825;1548;1535;1444;1456;1528;1497;1515;1486;1526;1649;1631
30;2920;2932;2692;2604;2358;2219;1855;1838;1582;1562;1479;1497;1575;1521;1561;1527;1544;1704
31;2935;2899;2937;2690;2586;2355;2216;1886;1860;1587;1576;1516;1520;1581;1550;1600;1541;1575
32;2862;2910;2861;2929;2695;2575;2343;2207;1907;1863;1617;1609;1534;1551;1591;1579;1619;1597
33;2905;2836;2928;2880;2909;2662;2549;2317;2225;1918;1865;1651;1646;1541;1567;1637;1592;1624
34;2900;2913;2839;2921;2864;2902;2662;2545;2312;2230;1947;1897;1677;1688;1561;1596;1632;1624
35;3122;2900;2886;2827;2885;2840;2896;2637;2557;2292;2240;1974;1934;1670;1698;1600;1613;1635
36;3159;3110;2893;2895;2803;2874;2850;2868;2635;2550;2287;2277;1995;1945;1683;1733;1617;1618
37;3250;3153;3081;2869;2880;2786;2874;2834;2873;2665;2563;2328;2303;2002;1962;1687;1739;1641
38;3012;3223;3132;3067;2866;2850;2770;2857;2824;2870;2662;2581;2357;2292;2014;2005;1682;1742
39;2909;2996;3221;3122;3041;2853;2822;2767;2837;2821;2871;2686;2609;2372;2309;2030;2010;1695
40;2815;2889;2988;3197;3111;3029;2842;2801;2753;2824;2822;2876;2721;2628;2398;2340;2052;2015
41;2714;2811;2881;2981;3184;3107;3003;2831;2794;2757;2824;2843;2892;2746;2649;2424;2369;2055
42;2725;2686;2789;2868;2974;3175;3102;2987;2829;2806;2749;2864;2869;2903;2750;2674;2447;2388
43;2640;2725;2686;2793;2845;2967;3179;3096;2995;2836;2798;2779;2864;2883;2904;2761;2679;2456
44;2575;2641;2710;2677;2776;2833;2965;3172;3098;3009;2840;2815;2799;2870;2879;2927;2767;2661
45;2567;2563;2634;2692;2676;2767;2827;2962;3163;3104;3004;2854;2824;2808;2901;2909;2949;2770
46;2516;2560;2559;2627;2691;2668;2760;2824;2963;3170;3114;3022;2885;2832;2831;2917;2915;2945
47;2429;2504;2559;2560;2611;2684;2662;2749;2821;2968;3182;3121;3051;2901;2840;2849;2923;2919
48;2362;2428;2494;2540;2543;2599;2674;2659;2743;2818;2964;3214;3128;3068;2924;2860;2850;2938
49;2470;2359;2411;2484;2532;2544;2603;2665;2653;2754;2806;2980;3199;3139;3082;2917;2871;2855
50;2501;2456;2344;2404;2465;2538;2548;2599;2639;2658;2753;2818;2990;3207;3148;3081;2938;2877
51;2787;2495;2435;2330;2398;2457;2541;2534;2586;2646;2654;2771;2836;2994;3222;3174;3112;2936
52;2705;2776;2479;2431;2331;2390;2464;2548;2533;2574;2638;2660;2774;2855;3000;3224;3201;3115
53;3037;2688;2757;2480;2410;2324;2393;2462;2539;2533;2567;2649;2673;2778;2856;3008;3230;3200
54;3171;3025;2677;2747;2469;2406;2324;2386;2459;2539;2537;2569;2654;2672;2785;2862;3024;3232
55;3295;3164;3018;2681;2733;2454;2397;2316;2395;2457;2525;2532;2576;2663;2673;2782;2867;3034
56;2310;3286;3143;3002;2661;2710;2450;2393;2310;2386;2451;2540;2533;2563;2660;2689;2780;2858
57;2812;2307;3263;3134;2990;2636;2696;2425;2377;2303;2386;2445;2545;2540;2574;2655;2675;2801
58;2901;2789;2286;3239;3135;2984;2627;2679;2437;2370;2302;2379;2438;2549;2529;2580;2652;2664
59;2927;2880;2759;2275;3220;3098;2979;2615;2661;2428;2364;2290;2370;2427;2529;2532;2577;2631
60;3161;2906;2847;2746;2245;3198;3085;2958;2604;2655;2431;2334;2273;2370;2426;2514;2528;2562
61;3398;3127;2873;2822;2729;2225;3185;3061;2936;2582;2652;2415;2321;2268;2385;2411;2514;2520
62;3276;3371;3102;2859;2796;2713;2204;3156;3058;2929;2564;2649;2400;2326;2265;2374;2406;2509
63;3252;3233;3342;3065;2825;2750;2690;2175;3121;3047;2915;2547;2638;2380;2320;2262;2350;2390
64;2968;3217;3185;3305;3017;2794;2738;2666;2161;3091;3017;2894;2532;2626;2355;2315;2266;2334
65;2733;2932;3179;3162;3287;2984;2768;2703;2645;2154;3056;2999;2877;2509;2616;2348;2299;2259
66;2804;2706;2881;3143;3125;3232;2932;2755;2682;2619;2146;3032;2969;2850;2486;2602;2352;2290
67;2636;2765;2655;2853;3103;3092;3212;2909;2713;2641;2596;2127;2995;2942;2827;2473;2586;2323
68;2674;2588;2730;2609;2819;3054;3055;3171;2880;2676;2610;2569;2112;2964;2903;2780;2455;2568
69;2582;2637;2552;2694;2569;2780;3025;3015;3150;2832;2635;2583;2539;2077;2937;2876;2744;2432
70;2676;2531;2581;2499;2655;2545;2734;2997;2977;3109;2793;2606;2538;2505;2059;2903;2857;2707
71;2775;2621;2482;2533;2446;2601;2509;2699;2953;2938;3060;2745;2580;2521;2470;2023;2886;2821
72;2498;2709;2550;2434;2479;2413;2560;2478;2661;2905;2863;3014;2705;2540;2489;2431;1999;2844
73;2348;2429;2623;2498;2361;2416;2381;2505;2419;2614;2857;2801;2962;2647;2515;2437;2388;1965
74;2335;2288;2357;2563;2429;2305;2362;2325;2453;2366;2559;2784;2734;2894;2612;2482;2384;2331
75;2499;2251;2211;2290;2473;2359;2246;2293;2264;2401;2307;2494;2725;2670;2832;2565;2425;2334
76;2499;2404;2154;2126;2244;2412;2298;2175;2234;2193;2344;2248;2442;2631;2608;2769;2511;2371
77;2370;2405;2312;2091;2047;2168;2340;2220;2114;2164;2135;2262;2177;2377;2545;2540;2718;2463
78;2468;2257;2303;2227;2008;1980;2073;2250;2139;2036;2091;2074;2195;2122;2305;2479;2453;2640
79;2576;2351;2150;2182;2132;1940;1907;1983;2158;2038;1957;2014;2008;2132;2023;2232;2403;2363
80;2541;2455;2204;2037;2088;2057;1838;1805;1905;2083;1934;1888;1915;1943;2066;1963;2151;2308
81;2489;2398;2317;2084;1926;1983;1946;1741;1707;1818;1986;1841;1790;1833;1842;1978;1884;2074
82;1591;2331;2246;2161;1954;1816;1860;1843;1659;1612;1725;1866;1746;1697;1730;1742;1872;1806
83;772;1482;2180;2092;2002;1844;1701;1728;1729;1543;1509;1634;1768;1652;1597;1635;1642;1793
84;724;702;1369;2027;1930;1836;1710;1562;1597;1602;1405;1386;1513;1661;1523;1490;1544;1541
85;643;639;642;1243;1838;1747;1703;1572;1450;1460;1484;1316;1284;1418;1534;1425;1389;1440
86;1008;568;572;574;1125;1653;1600;1559;1406;1320;1336;1380;1213;1191;1297;1412;1323;1320
87;1219;906;486;518;508;1001;1489;1421;1393;1264;1185;1205;1255;1109;1078;1184;1283;1221
88;1000;1071;802;422;473;444;901;1309;1253;1236;1128;1042;1063;1138;985;951;1060;1157
89;899;851;926;663;361;416;391;768;1150;1119;1085;980;910;925;998;867;858;961
90;724;784;733;785;570;317;360;325;658;999;962;932;825;791;822;859;761;769
91;611;608;645;630;641;483;268;305;282;537;848;817;793;703;668;711;732;647
92;466;495;500;541;525;537;400;225;247;238;446;673;692;681;563;549;584;608
93;322;374;404;415;456;428;455;318;188;209;193;350;543;569;529;470;431;488
94;254;264;300;334;335;369;353;359;255;151;176;147;279;432;449;431;382;339
95;163;198;201;240;265;259;293;255;269;187;118;134;116;221;333;352;325;304
96;122;135;147;144;195;200;193;228;189;203;140;91;105;96;159;272;277;251
97;76;89;103;104;103;146;151;133;157;139;148;97;67;75;65;120;188;202
98;51;54;67;78;71;74;107;107;97;116;99;102;68;45;53;47;85;144
99;33;32;42;52;54;41;54;81;82;65;92;73;60;46;25;36;34;71
100 e oltre;64;59;55;62;77;88;77;91;108;125;121;132;139;146;104;81;80;78
Totale;201812;199830;197771;196229;194273;192518;191176;189518;188350;187254;186011;185597;185071;184482;183711;183521;182901;182209
Età/Anno;2002;2003;2004;2005;2006;2007;2008;2009;2010;2011;2012;2013;2014;2015;2016;2017;2018;2019
Età;Maschi
0;725;705;731;776;727;697;711;726;666;689;698;663;640;627;606;595;552;546
1;756;715;695;728;758;719;673;704;718;666;679;699;655;634;627;616;591;557
2;705;750;724;698;718;750;707;660;709;710;663;676;703;651;641;615;611;576
3;646;702;744;724;694;716;741;708;656;711;713;668;675;696;648;637;611;609
4;704;648;694;746;714;693;715;735;710;656;709;720;680;683;710;658;632;617
5;692;705;649;688;742;710;684;710;735;700;659;710;728;683;693;722;663;627
6;662;693;709;652;684;740;705;688;695;733;700;661;711;734;695;698;732;661
7;668;660;693;709;648;682;729;697;687;700;738;702;667;715;737;700;697;739
8;691;668;659;689;712;644;682;728;696;694;702;748;712;671;721;751;699;704
9;761;692;664;659;682;705;646;676;733;699;699;708;750;710;674;731;762;706
10;722;760;686;661;655;673;697;644;677;733;695;701;711;760;716;688;742;762
11;652;715;759;683;665;655;671;693;645;679;735;699;705;714;770;721;689;749
12;733;646;712;756;684;667;658;670;696;645;680;741;705;710;713;774;733;695
13;682;731;649;713;757;686;667;660;672;697;648;687;745;714;717;716;776;735
14;644;680;727;647;715;755;688;669;659;670;700;662;700;757;716;724;720;781
15;686;638;685;728;649;715;758;691;679;662;666;698;670;712;754;728;728;729
16;668;679;641;684;725;654;716;757;693;679;663;675;706;664;723;765;726;733
17;622;665;681;636;682;726;658;716;759;693;682;668;681;709;671;731;776;730
18;682;621;667;683;639;685;732;659;726;764;699;691;678;682;713;690;740;781
19;687;677;619;661;685;643;694;735;673;733;769;704;693;678;691;723;694;747
20;698;687;681;624;656;682;650;700;743;683;734;777;709;694;685;701;744;711
21;730;704;685;678;631;658;688;667;709;756;693;742;794;715;701;700;716;754
22;725;735;709;687;689;631;669;703;681;721;769;705;757;804;726;712;711;733
23;946;736;731;708;691;700;648;674;704;695;722;786;716;768;808;737;719;718
24;942;955;730;723;722;685;703;651;677;706;698;743;790;720;778;814;755;718
25;1097;959;959;746;726;731;688;711;659;691;706;706;756;798;737;796;831;766
26;1152;1115;963;963;750;730;746;696;722;673;695;731;724;782;799;766;820;844
27;1359;1156;1125;971;955;762;750;749;715;745;681;718;756;732;810;838;792;843
28;1370;1370;1157;1121;969;943;772;747;746;746;769;718;754;777;764;830;861;817
29;1559;1380;1358;1160;1115;960;939;782;769;753;741;807;734;772;789;787;837;857
30;1472;1539;1369;1355;1147;1127;960;939;803;777;765;775;835;753;801;818;797;874
31;1501;1458;1533;1354;1345;1150;1127;973;947;800;779;785;794;845;761;811;820;813
32;1491;1476;1436;1531;1360;1334;1136;1112;980;941;810;806;800;808;844;775;814;858
33;1451;1458;1470;1436;1525;1333;1313;1122;1115;988;943;830;827;797;815;870;785;822
34;1443;1453;1455;1457;1405;1521;1327;1309;1116;1116;991;961;839;852;816;828;867;803
35;1577;1435;1448;1446;1438;1392;1512;1302;1306;1101;1118;1006;984;830;857;835;827;872
36;1557;1559;1439;1461;1425;1434;1390;1481;1299;1301;1097;1134;1014;983;836;868;834;828
37;1650;1554;1550;1424;1463;1411;1443;1372;1483;1315;1308;1111;1150;1016;986;831;872;837
38;1539;1640;1538;1539;1430;1443;1401;1435;1364;1483;1300;1313;1136;1141;1021;1016;823;876
39;1466;1535;1634;1532;1517;1429;1428;1400;1421;1366;1478;1312;1318;1140;1141;1025;1024;823
40;1469;1451;1533;1615;1521;1506;1409;1415;1391;1401;1358;1482;1333;1329;1157;1154;1044;1022
41;1380;1465;1445;1530;1594;1517;1490;1390;1403;1389;1394;1373;1492;1348;1340;1172;1167;1043
42;1377;1360;1454;1437;1529;1579;1509;1477;1393;1405;1381;1417;1389;1511;1351;1358;1180;1170
43;1290;1369;1357;1455;1419;1524;1580;1503;1481;1393;1401;1391;1418;1401;1501;1351;1359;1182
44;1269;1289;1359;1351;1437;1407;1521;1569;1499;1482;1389;1412;1400;1420;1395;1508;1351;1350
45;1329;1257;1282;1346;1344;1429;1400;1518;1562;1508;1482;1397;1420;1405;1440;1409;1524;1358
46;1251;1322;1249;1279;1343;1337;1418;1392;1511;1572;1517;1482;1421;1421;1423;1440;1418;1524
47;1233;1245;1323;1248;1262;1335;1332;1410;1392;1517;1581;1526;1499;1428;1421;1433;1443;1418
48;1136;1228;1235;1310;1238;1257;1332;1330;1408;1388;1515;1602;1524;1505;1441;1428;1427;1449
49;1197;1126;1217;1229;1301;1241;1254;1322;1331;1415;1385;1524;1602;1526;1511;1434;1431;1425
50;1211;1187;1114;1211;1215;1300;1240;1251;1309;1335;1417;1395;1526;1609;1529;1511;1448;1432
51;1289;1207;1175;1101;1210;1210;1299;1225;1240;1312;1333;1425;1404;1528;1616;1536;1522;1450
52;1335;1281;1196;1172;1096;1199;1213;1295;1220;1237;1310;1340;1423;1414;1531;1618;1555;1528
53;1499;1319;1272;1198;1156;1093;1196;1209;1292;1223;1225;1317;1347;1426;1415;1541;1618;1551
54;1497;1488;1308;1269;1191;1151;1088;1188;1200;1291;1225;1227;1315;1344;1430;1419;1548;1618
55;1563;1491;1475;1304;1262;1182;1149;1084;1187;1199;1281;1221;1233;1327;1344;1429;1420;1539
56;1106;1561;1471;1464;1289;1243;1180;1141;1077;1181;1197;1284;1220;1222;1325;1351;1429;1403
57;1328;1101;1552;1461;1451;1271;1237;1169;1132;1074;1183;1192;1285;1227;1224;1322;1335;1443
58;1387;1311;1088;1534;1455;1451;1261;1216;1178;1123;1073;1181;1190;1290;1212;1225;1314;1324
59;1375;1371;1286;1078;1527;1437;1446;1253;1207;1173;1120;1068;1180;1183;1276;1212;1221;1296
60;1475;1365;1354;1272;1066;1514;1426;1428;1244;1198;1169;1107;1054;1174;1182;1264;1212;1220
61;1566;1457;1338;1337;1261;1054;1507;1405;1406;1225;1199;1158;1098;1050;1183;1171;1266;1202
62;1563;1549;1446;1333;1325;1245;1039;1493;1402;1396;1213;1198;1152;1099;1056;1170;1159;1261
63;1504;1534;1526;1416;1313;1302;1231;1018;1473;1399;1382;1201;1190;1137;1090;1054;1153;1148
64;1384;1482;1507;1498;1390;1298;1290;1211;1015;1456;1381;1368;1179;1183;1112;1087;1057;1139
65;1244;1360;1457;1485;1486;1359;1282;1267;1200;1010;1432;1360;1358;1165;1178;1103;1074;1044
66;1282;1222;1325;1424;1463;1449;1331;1272;1247;1184;1005;1413;1340;1348;1149;1165;1100;1065
67;1195;1251;1183;1308;1407;1434;1438;1310;1247;1223;1164;990;1397;1329;1333;1136;1150;1080
68;1152;1163;1234;1158;1289;1383;1413;1415;1288;1223;1206;1147;974;1383;1301;1308;1127;1141
69;1112;1124;1141;1209;1134;1257;1364;1387;1400;1261;1195;1187;1125;957;1368;1281;1282;1111
70;1136;1077;1092;1112;1185;1125;1222;1343;1354;1377;1242;1177;1164;1098;949;1340;1259;1258
71;1211;1101;1055;1063;1080;1154;1096;1198;1317;1334;1351;1218;1160;1152;1078;929;1328;1232
72;994;1169;1060;1021;1037;1051;1126;1071;1173;1291;1290;1331;1194;1133;1128;1051;910;1304
73;958;954;1118;1033;980;1006;1031;1092;1031;1139;1261;1251;1303;1163;1118;1100;1026;891
74;968;925;915;1090;995;954;970;983;1061;994;1108;1217;1215;1259;1139;1098;1064;985
75;903;924;882;876;1031;949;923;922;954;1034;959;1069;1183;1175;1219;1113;1060;1034
76;903;851;874;835;853;994;916;882;897;908;1008;928;1042;1133;1139;1190;1084;1031
77;846;853;802;840;803;814;950;879;845;848;876;962;886;1007;1087;1097;1167;1053
78;904;792;806;763;796;769;761;905;838;803;807;843;922;859;967;1053;1041;1125
79;886;853;743;747;727;765;732;727;860;784;760;760;809;892;811;920;1010;990
80;869;836;785;703;693;686;716;678;690;815;732;719;711;778;857;781;875;956
81;789;793;760;728;655;651;633;659;634;647;773;688;673;677;718;811;739;843
82;510;718;739;690;669;597;608;593;615;587;603;706;640;625;629;677;752;699
83;232;457;652;677;632;633;549;561;543;557;532;560;664;594;581;581;621;704
84;221;206;418;593;606;563;582;492;509;491;489;470;513;614;536;531;543;578
85;198;187;181;363;511;534;516;526;453;454;439;443;427;476;554;500;482;508
86;273;168;160;155;322;446;486;457;462;405;405;395;395;388;421;493;460;457
87;355;234;142;140;138;274;385;409;394;413;338;347;343;347;356;366;433;424
88;266;311;210;119;129;115;248;325;347;341;361;279;291;311;294;308;320;383
89;233;221;264;172;104;103;95;196;254;299;280;304;245;243;269;240;261;277
90;170;197;182;215;152;88;80;71;157;211;245;227;243;202;209;230;205;231
91;136;137;145;137;168;125;72;61;62;120;176;196;179;195;161;172;188;167
92;101;111;113;111;114;140;95;61;51;48;95;131;155;146;149;128;131;149
93;76;77;86;88;91;88;121;68;51;40;33;64;100;115;109;119;94;103
94;41;55;62;65;65;70;74;88;51;40;31;25;50;78;83;88;96;73
95;20;32;35;48;50;46;52;48;60;39;34;23;20;37;54;58;64;70
96;20;15;21;24;39;32;35;36;29;42;27;26;12;17;29;44;47;49
97;10;9;10;13;17;27;21;22;23;20;27;16;17;8;7;16;30;31
98;10;6;4;7;8;11;14;13;13;17;14;19;10;10;7;5;13;23
99;7;6;4;1;5;5;8;11;13;9;12;8;6;6;6;5;4;13
100 e oltre;7;8;5;5;4;7;1;6;13;20;18;16;18;18;14;14;10;7
Totale;93764;92873;91985;91303;90527;89757;89215;88397;87932;87590;87133;87150;87180;87076;86923;86989;86774;86535
Età/Anno;2002;2003;2004;2005;2006;2007;2008;2009;2010;2011;2012;2013;2014;2015;2016;2017;2018;2019
Età;Femmine
0;695;642;681;709;651;677;686;639;654;640;551;626;532;582;518;512;551;546
1;689;694;639;682;703;647;661;667;630;660;634;557;629;528;578;523;527;551
2;681;695;688;632;679;685;635;662;662;620;649;636;562;629;535;593;527;537
3;666;676;691;685;634;666;670;626;656;654;621;652;643;568;626;539;599;530
4;638;664;665;691;683;632;649;660;625;660;647;618;646;642;580;628;542;601
5;637;629;655;667;688;685;624;657;663;634;653;652;621;658;641;591;627;533
6;602;638;631;658;666;680;684;621;655;670;637;659;654;632;664;657;595;639
7;674;597;644;630;652;664;683;678;620;657;667;644;662;663;647;674;664;595
8;630;671;598;641;631;653;659;690;677;620;652;666;641;670;676;655;675;669
9;710;633;669;601;643;635;658;659;690;679;623;659;672;652;682;694;652;671
10;683;710;635;671;598;646;635;655;667;688;680;631;661;678;659;694;697;655
11;714;677;708;642;675;603;649;632;654;670;683;685;638;665;684;664;693;700
12;607;713;674;705;639;670;602;653;640;658;674;685;693;642;671;692;668;698
13;635;603;717;677;708;634;670;604;659;640;657;669;693;700;660;684;693;673
14;590;634;601;719;679;704;637;673;603;662;638;662;677;703;708;673;687;700
15;579;588;634;603;714;681;706;633;675;607;669;637;672;681;712;705;683;690
16;640;576;588;635;604;718;685;707;633;673;607;673;643;677;690;716;710;686
17;627;641;569;585;634;606;715;686;707;629;678;610;679;651;679;697;723;711
18;620;625;647;574;585;632;610;718;686;708;631;683;624;688;655;694;709;738
19;632;628;635;657;569;592;642;613;727;682;711;641;695;635;689;658;703;721
20;606;639;634;641;654;573;608;652;624;746;690;713;647;706;644;706;672;709
21;684;604;637;636;647;662;586;619;662;640;757;693;728;662;713;655;717;669
22;723;684;610;644;642;651;670;602;630;672;648;767;697;738;676;726;672;728
23;867;725;681;614;645;645;657;664;613;636;682;659;773;709;750;704;730;686
24;832;864;728;679;614;650;641;670;678;610;654;696;669;785;722;760;714;737
25;1096;851;876;740;679;621;659;655;686;682;619;664;702;686;803;740;770;731
26;1197;1091;863;882;747;689;632;671;669;698;689;646;691;737;695;823;760;774
27;1231;1205;1094;874;884;755;707;646;694;668;712;720;678;699;776;717;849;791
28;1328;1236;1205;1087;875;891;758;746;673;704;683;745;744;695;720;794;744;868
29;1400;1323;1236;1213;1084;888;886;766;766;691;715;721;763;743;697;739;812;774
30;1448;1393;1323;1249;1211;1092;895;899;779;785;714;722;740;768;760;709;747;830
31;1434;1441;1404;1336;1241;1205;1089;913;913;787;797;731;726;736;789;789;721;762
32;1371;1434;1425;1398;1335;1241;1207;1095;927;922;807;803;734;743;747;804;805;739
33;1454;1378;1458;1444;1384;1329;1236;1195;1110;930;922;821;819;744;752;767;807;802
34;1457;1460;1384;1464;1459;1381;1335;1236;1196;1114;956;936;838;836;745;768;765;821
35;1545;1465;1438;1381;1447;1448;1384;1335;1251;1191;1122;968;950;840;841;765;786;763
36;1602;1551;1454;1434;1378;1440;1460;1387;1336;1249;1190;1143;981;962;847;865;783;790
37;1600;1599;1531;1445;1417;1375;1431;1462;1390;1350;1255;1217;1153;986;976;856;867;804
38;1473;1583;1594;1528;1436;1407;1369;1422;1460;1387;1362;1268;1221;1151;993;989;859;866
39;1443;1461;1587;1590;1524;1424;1394;1367;1416;1455;1393;1374;1291;1232;1168;1005;986;872
40;1346;1438;1455;1582;1590;1523;1433;1386;1362;1423;1464;1394;1388;1299;1241;1186;1008;993
41;1334;1346;1436;1451;1590;1590;1513;1441;1391;1368;1430;1470;1400;1398;1309;1252;1202;1012
42;1348;1326;1335;1431;1445;1596;1593;1510;1436;1401;1368;1447;1480;1392;1399;1316;1267;1218
43;1350;1356;1329;1338;1426;1443;1599;1593;1514;1443;1397;1388;1446;1482;1403;1410;1320;1274
44;1306;1352;1351;1326;1339;1426;1444;1603;1599;1527;1451;1403;1399;1450;1484;1419;1416;1311
45;1238;1306;1352;1346;1332;1338;1427;1444;1601;1596;1522;1457;1404;1403;1461;1500;1425;1412
46;1265;1238;1310;1348;1348;1331;1342;1432;1452;1598;1597;1540;1464;1411;1408;1477;1497;1421
47;1196;1259;1236;1312;1349;1349;1330;1339;1429;1451;1601;1595;1552;1473;1419;1416;1480;1501
48;1226;1200;1259;1230;1305;1342;1342;1329;1335;1430;1449;1612;1604;1563;1483;1432;1423;1489
49;1273;1233;1194;1255;1231;1303;1349;1343;1322;1339;1421;1456;1597;1613;1571;1483;1440;1430
50;1290;1269;1230;1193;1250;1238;1308;1348;1330;1323;1336;1423;1464;1598;1619;1570;1490;1445
51;1498;1288;1260;1229;1188;1247;1242;1309;1346;1334;1321;1346;1432;1466;1606;1638;1590;1486
52;1370;1495;1283;1259;1235;1191;1251;1253;1313;1337;1328;1320;1351;1441;1469;1606;1646;1587
53;1538;1369;1485;1282;1254;1231;1197;1253;1247;1310;1342;1332;1326;1352;1441;1467;1612;1649
54;1674;1537;1369;1478;1278;1255;1236;1198;1259;1248;1312;1342;1339;1328;1355;1443;1476;1614
55;1732;1673;1543;1377;1471;1272;1248;1232;1208;1258;1244;1311;1343;1336;1329;1353;1447;1495
56;1204;1725;1672;1538;1372;1467;1270;1252;1233;1205;1254;1256;1313;1341;1335;1338;1351;1455
57;1484;1206;1711;1673;1539;1365;1459;1256;1245;1229;1203;1253;1260;1313;1350;1333;1340;1358
58;1514;1478;1198;1705;1680;1533;1366;1463;1259;1247;1229;1198;1248;1259;1317;1355;1338;1340
59;1552;1509;1473;1197;1693;1661;1533;1362;1454;1255;1244;1222;1190;1244;1253;1320;1356;1335
60;1686;1541;1493;1474;1179;1684;1659;1530;1360;1457;1262;1227;1219;1196;1244;1250;1316;1342
61;1832;1670;1535;1485;1468;1171;1678;1656;1530;1357;1453;1257;1223;1218;1202;1240;1248;1318
62;1713;1822;1656;1526;1471;1468;1165;1663;1656;1533;1351;1451;1248;1227;1209;1204;1247;1248
63;1748;1699;1816;1649;1512;1448;1459;1157;1648;1648;1533;1346;1448;1243;1230;1208;1197;1242
64;1584;1735;1678;1807;1627;1496;1448;1455;1146;1635;1636;1526;1353;1443;1243;1228;1209;1195
65;1489;1572;1722;1677;1801;1625;1486;1436;1445;1144;1624;1639;1519;1344;1438;1245;1225;1215
66;1522;1484;1556;1719;1662;1783;1601;1483;1435;1435;1141;1619;1629;1502;1337;1437;1252;1225
67;1441;1514;1472;1545;1696;1658;1774;1599;1466;1418;1432;1137;1598;1613;1494;1337;1436;1243
68;1522;1425;1496;1451;1530;1671;1642;1756;1592;1453;1404;1422;1138;1581;1602;1472;1328;1427
69;1470;1513;1411;1485;1435;1523;1661;1628;1750;1571;1440;1396;1414;1120;1569;1595;1462;1321
70;1540;1454;1489;1387;1470;1420;1512;1654;1623;1732;1551;1429;1374;1407;1110;1563;1598;1449
71;1564;1520;1427;1470;1366;1447;1413;1501;1636;1604;1709;1527;1420;1369;1392;1094;1558;1589
72;1504;1540;1490;1413;1442;1362;1434;1407;1488;1614;1573;1683;1511;1407;1361;1380;1089;1540
73;1390;1475;1505;1465;1381;1410;1350;1413;1388;1475;1596;1550;1659;1484;1397;1337;1362;1074
74;1367;1363;1442;1473;1434;1351;1392;1342;1392;1372;1451;1567;1519;1635;1473;1384;1320;1346
75;1596;1327;1329;1414;1442;1410;1323;1371;1310;1367;1348;1425;1542;1495;1613;1452;1365;1300
76;1596;1553;1280;1291;1391;1418;1382;1293;1337;1285;1336;1320;1400;1498;1469;1579;1427;1340
77;1524;1552;1510;1251;1244;1354;1390;1341;1269;1316;1259;1300;1291;1370;1458;1443;1551;1410
78;1564;1465;1497;1464;1212;1211;1312;1345;1301;1233;1284;1231;1273;1263;1338;1426;1412;1515
79;1690;1498;1407;1435;1405;1175;1175;1256;1298;1254;1197;1254;1199;1240;1212;1312;1393;1373
80;1672;1619;1419;1334;1395;1371;1122;1127;1215;1268;1202;1169;1204;1165;1209;1182;1276;1352
81;1700;1605;1557;1356;1271;1332;1313;1082;1073;1171;1213;1153;1117;1156;1124;1167;1145;1231
82;1081;1613;1507;1471;1285;1219;1252;1250;1044;1025;1122;1160;1106;1072;1101;1065;1120;1107
83;540;1025;1528;1415;1370;1211;1152;1167;1186;986;977;1074;1104;1058;1016;1054;1021;1089
84;503;496;951;1434;1324;1273;1128;1070;1088;1111;916;916;1000;1047;987;959;1001;963
85;445;452;461;880;1327;1213;1187;1046;997;1006;1045;873;857;942;980;925;907;932
86;735;400;412;419;803;1207;1114;1102;944;915;931;985;818;803;876;919;863;863
87;864;672;344;378;370;727;1104;1012;999;851;847;858;912;762;722;818;850;797
88;734;760;592;303;344;329;653;984;906;895;767;763;772;827;691;643;740;774
89;666;630;662;491;257;313;296;572;896;820;805;676;665;682;729;627;597;684
90;554;587;551;570;418;229;280;254;501;788;717;705;582;589;613;629;556;538
91;475;471;500;493;473;358;196;244;220;417;672;621;614;508;507;539;544;480
92;365;384;387;430;411;397;305;164;196;190;351;542;537;535;414;421;453;459
93;246;297;318;327;365;340;334;250;137;169;160;286;443;454;420;351;337;385
94;213;209;238;269;270;299;279;271;204;111;145;122;229;354;366;343;286;266
95;143;166;166;192;215;213;241;207;209;148;84;111;96;184;279;294;261;234
96;102;120;126;120;156;168;158;192;160;161;113;65;93;79;130;228;230;202
97;66;80;93;91;86;119;130;111;134;119;121;81;50;67;58;104;158;171
98;41;48;63;71;63;63;93;94;84;99;85;83;58;35;46;42;72;121
99;26;26;38;51;49;36;46;70;69;56;80;65;54;40;19;31;30;58
100 e oltre;57;51;50;57;73;81;76;85;95;105;103;116;121;128;90;67;70;71
Totale;108048;106957;105786;104926;103746;102761;101961;101121;100418;99664;98878;98447;97891;97406;96788;96532;96127;95674

"Ricostruzione della popolazione intercensuaria - Popolazione al 1° gennaio per età"
"Cittadinanza straniera - Comune: Trieste"
Età/Anno;2002;2003;2004;2005;2006;2007;2008;2009;2010;2011;2012;2013;2014;2015;2016;2017;2018;2019
Età;Totale
0;68;96;63;111;102;163;157;208;197;225;224;258;228;227;212;216;214;190
1;64;81;103;75;121;116;179;163;210;205;237;222;251;223;217;208;209;198
2;69;71;90;110;83;131;132;200;170;214;199;240;227;244;209;201;205;219
3;79;75;78;101;110;86;151;153;209;179;224;205;241;227;239;196;211;203
4;50;88;74;80;110;116;107;160;163;219;189;231;211;235;216;227;197;218
5;71;62;99;87;89;113;138;122;170;172;221;187;226;214;223;202;228;201
6;78;80;76;113;95;95;130;155;139;171;184;225;189;217;202;204;202;236
7;57;88;84;82;126;100;103;147;170;149;175;188;221;188;207;182;203;202
8;70;60;96;98;100;130;112;120;153;172;158;175;191;216;178;185;178;211
9;82;82;62;100;106;109;143;130;132;157;180;162;172;181;202;158;181;182
10;76;87;97;77;106;112;125;151;147;143;153;180;166;158;171;178;158;181
11;88;77;89;100;87;116;129;145;165;152;146;151;169;159;151;155;173;167
12;66;99;86;100;107;104;135;151;159;177;158;146;145;160;150;134;160;181
13;67;74;103;91;108;119;118;164;170;169;179;158;148;145;152;136;135;170
14;66;68;77;107;100;116;137;128;176;179;184;168;162;147;133;133;137;147
15;63;74;73;84;131;118;124;163;142;187;191;178;172;161;147;126;131;155
16;75;68;68;79;96;143;144;146;175;149;191;196;182;167;161;142;124;153
17;91;79;69;71;93;112;158;156;168;192;161;195;201;180;168;158;147;137
18;98;98;86;84;75;103;127;169;177;174;209;166;194;194;173;180;173;149
19;88;112;94;92;107;102;125;153;199;196;182;209;175;203;203;196;215;197
20;112;89;123;102;109;129;137;168;189;221;226;190;227;192;221;237;243;236
21;104;111;107;135;117;118;159;174;214;216;238;233;197;249;209;253;304;261
22;105;121;127;127;150;135;152;205;229;249;240;245;257;211;259;256;303;330
23;116;114;141;144;149;169;181;205;250;273;294;255;265;265;228;304;300;321
24;134;143;140;165;149;181;204;239;259;296;310;301;281;275;273;282;352;341
25;150;143;199;188;192;182;229;267;288;302;344;324;315;293;293;310;350;377
26;201;177;187;228;218;222;249;277;309;322;339;345;335;330;321;357;384;367
27;213;223;199;213;230;230;270;305;322;337;361;352;365;347;341;374;444;419
28;199;240;261;237;244;257;270;308;338;335;358;369;373;377;359;385;429;467
29;206;228;267;290;251;263;321;316;342;374;340;362;385;379;399;399;462;451
30;210;242;261;297;310;267;308;337;335;372;378;352;362;385;411;433;441;494
31;219;234;267;290;308;315;307;325;351;358;375;386;374;363;401;448;472;465
32;220;235;248;291;290;329;344;347;346;374;386;367;393;377;372;430;476;480
33;218;236;259;281;300;302;350;394;354;358;382;377;377;399;383;378;452;495
34;222;220;247;271;297;313;333;375;406;374;372;374;383;387;401;400;404;467
35;209;241;231;271;287;299;346;352;385;411;353;374;371;392;394;416;422;414
36;218;208;253;258;281;284;319;381;356;380;395;355;375;377;397;386;432;429
37;192;234;216;258;266;305;308;336;399;369;368;390;356;381;380;381;398;442
38;201;198;236;231;255;281;304;338;344;392;351;357;399;352;389;362;393;398
39;219;213;197;255;243;256;302;320;355;338;387;342;365;392;353;389;361;387
40;185;215;218;211;262;249;262;332;333;353;334;378;346;353;375;333;400;371
41;195;186;212;229;220;269;264;281;346;338;343;334;376;343;341;366;363;411
42;174;205;191;217;234;226;279;273;281;350;326;348;343;369;335;335;377;390
43;158;171;203;196;226;243;237;290;275;272;342;315;349;337;365;319;338;392
44;170;152;164;200;199;215;250;259;302;265;272;328;318;351;337;348;330;346
45;186;164;155;170;198;200;218;266;260;303;265;280;326;320;338;323;338;344
46;190;188;166;161;171;202;201;239;263;253;303;250;289;319;299;318;320;346
47;192;201;178;164;160;174;212;227;249;273;250;295;255;287;297;285;304;329
48;178;178;200;182;165;165;182;220;233;248;274;251;296;247;280;283;289;315
49;195;175;167;199;176;165;166;197;226;237;245;267;260;298;249;271;281;300
50;181;186;166;162;200;180;168;174;198;228;237;241;274;260;280;237;264;293
51;179;168;177;166;159;200;189;172;186;205;240;235;243;267;254;265;243;269
52;152;166;166;178;165;153;206;191;172;180;207;233;242;243;260;241;263;242
53;163;145;153;158;170;172;160;211;204;179;187;212;247;243;231;251;243;265
54;155;155;142;150;154;168;174;168;216;194;182;182;225;248;238;228;249;250
55;101;150;141;135;137;148;172;188;177;221;194;179;190;222;239;231;228;264
56;81;95;144;138;134;126;144;180;188;182;225;193;182;201;217;235;233;243
57;76;73;85;129;130;127;132;148;177;186;176;219;195;182;195;209;241;238
58;76;68;64;79;117;123;126;124;145;176;183;176;233;198;173;186;210;246
59;80;71;63;61;76;112;121;131;127;149;172;175;179;230;193;179;188;213
60;84;73;69;58;57;72;108;120;134;127;147;165;177;174;225;183;177;197
61;77;79;74;67;59;52;73;102;121;128;121;145;168;180;171;223;189;190
62;69;68;72;70;61;53;49;73;98;124;121;127;149;171;175;165;229;192
63;50;63;63;66;66;62;53;52;72;93;119;116;129;143;161;174;169;231
64;59;42;56;54;67;63;57;52;53;69;84;114;118;129;138;154;171;161
65;35;50;42;48;52;64;64;57;52;52;63;79;112;112;124;128;158;166
66;37;31;47;34;48;53;62;59;58;46;50;65;85;106;111;115;126;165
67;49;30;31;45;34;48;53;68;58;58;46;50;69;82;107;113;113;119
68;40;43;22;26;46;28;48;50;70;55;55;41;50;65;80;105;112;119
69;36;37;42;16;24;41;31;47;51;69;49;53;43;46;63;77;103;109
70;30;29;37;41;16;26;39;25;46;48;64;46;52;44;43;63;80;105
71;24;26;30;33;41;12;30;39;24;41;47;59;45;46;45;47;64;78
72;33;25;24;26;30;41;13;28;37;21;41;44;58;42;46;43;46;67
73;20;27;21;21;24;28;37;13;28;33;23;38;41;56;39;40;42;49
74;31;17;23;20;18;23;28;36;11;27;32;23;38;41;55;38;37;39
75;28;27;14;21;21;19;23;27;33;9;26;30;22;34;37;53;37;40
76;31;24;24;12;20;18;21;23;27;30;9;27;29;23;31;39;49;38
77;28;27;18;19;12;16;17;22;21;24;27;9;28;29;23;27;40;43
78;37;24;24;16;18;12;15;15;18;18;23;25;9;25;30;19;29;39
79;22;32;21;21;16;16;10;13;13;16;16;19;24;9;22;28;19;28
80;20;20;31;18;19;12;15;9;12;14;15;16;19;24;14;21;27;17
81;26;20;20;28;17;17;13;14;7;11;12;8;15;18;23;13;20;23
82;18;23;14;19;26;15;15;12;10;3;9;10;8;15;20;23;12;17
83;16;14;21;15;18;23;15;12;12;6;2;8;11;7;14;20;21;12
84;16;12;13;19;14;15;19;13;10;10;5;2;7;12;8;14;20;20
85;5;10;12;12;16;12;13;17;12;7;9;3;4;5;9;7;11;17
86;16;2;7;9;10;15;9;10;14;12;7;8;3;2;4;9;7;12
87;18;11;1;7;10;8;11;8;7;9;10;3;7;3;2;4;7;8
88;20;13;9;1;5;9;8;8;8;7;7;8;4;6;4;4;4;8
89;14;15;11;7;0;5;8;8;5;8;6;7;7;1;6;4;4;5
90;6;11;13;8;6;0;3;4;6;3;7;5;9;5;1;5;4;4
91;9;4;9;10;7;5;0;3;4;4;3;7;4;9;3;1;3;6
92;7;8;2;9;9;5;5;1;2;5;4;2;5;3;6;2;1;4
93;7;4;6;3;8;8;4;4;1;2;2;2;4;3;3;6;3;2
94;5;4;2;5;3;6;4;3;3;0;1;2;1;1;2;2;3;2
95;2;3;3;0;5;2;4;3;2;3;0;1;2;1;1;3;2;1
96;0;3;3;1;0;5;1;2;2;1;3;0;1;1;1;1;2;1
97;0;0;3;2;1;0;3;1;2;1;1;0;1;0;1;1;1;1
98;0;0;0;2;2;1;0;3;0;1;0;0;0;1;0;1;1;1
99;1;0;0;0;1;2;1;0;1;0;1;0;0;0;0;0;0;0
100 e oltre;3;4;3;1;1;2;2;2;2;1;1;2;2;1;1;0;1;1
Totale;9230;9536;9925;10549;11059;11672;12914;14382;15467;16220;16767;16950;17554;17762;17843;18115;19249;20142
Età/Anno;2002;2003;2004;2005;2006;2007;2008;2009;2010;2011;2012;2013;2014;2015;2016;2017;2018;2019
Età;Maschi
0;29;47;30;62;60;86;80;116;110;107;98;131;111;120;101;108;102;106
1;35;34;47;32;69;73;100;85;115;110;111;100;126;113;118;104;101;95
2;36;38;40;50;37;78;77;111;88;112;101;108;104;123;105;104;104;107
3;40;35;45;49;50;37;97;91;123;96;116;103;109;106;120;98;113;99
4;24;48;36;48;53;51;47;101;96;127;101;120;110;105;105;113;96;116
5;31;30;58;45;48;55;57;53;104;105;125;98;115;111;101;102;110;99
6;41;34;41;68;53;51;66;66;59;106;112;130;98;108;104;89;99;119
7;27;46;36;44;72;57;56;69;77;62;106;114;123;96;102;92;95;99
8;35;26;47;42;54;73;62;66;76;77;67;101;112;121;91;88;89;101
9;39;43;31;52;45;58;80;67;67;82;79;67;94;105;114;79;84;90
10;41;40;50;38;58;50;63;85;77;74;83;81;70;86;102;101;78;84
11;47;40;45;56;43;60;56;76;91;79;77;84;74;66;83;93;96;84
12;36;52;48;55;59;51;71;66;86;97;82;74;81;69;65;75;98;102
13;43;39;54;52;60;69;56;84;77;95;99;83;78;84;69;54;73;106
14;39;41;40;56;58;67;80;61;92;83;106;90;82;78;79;60;56;79
15;32;43;45;43;70;65;73;94;68;100;90;102;91;82;82;78;63;71
16;38;35;40;48;51;75;77;87;100;74;104;98;104;89;85;80;76;76
17;51;37;34;41;54;57;90;82;101;107;76;109;104;106;92;90;85;88
18;52;59;46;44;43;59;68;99;98;103;121;83;112;104;105;116;110;91
19;54;66;57;55;56;61;75;83;122;106;107;119;90;115;116;125;154;126
20;48;51;74;61;62;68;87;101;113;134;120;112;132;102;128;146;165;167
21;49;44;56;76;69;69;84;108;125;125;137;125;115;144;117;157;196;177
22;36;58;60;69;87;78;86;106;135;132;135;142;134;123;153;159;199;220
23;58;43;64;61;70;95;100;110;121;154;150;140;151;136;137;200;189;213
24;58;64;63;80;61;78;107;121;129;144;166;147;155;162;147;178;247;216
25;65;57;91;84;91;72;108;137;141;153;155;171;152;155;176;176;226;267
26;96;72;78;109;99;100;101;134;162;154;173;157;177;163;179;225;224;237
27;98;109;78;90;114;103;125;137;163;173;171;174;165;178;174;209;298;253
28;81;103;132;98;100;123;119;144;154;164;183;177;185;177;189;208;242;318
29;93;92;116;149;95;113;156;135;157;177;163;182;184;187;194;212;267;263
30;96;108;111;138;153;106;133;162;150;182;178;173;187;186;209;228;247;297
31;101;107;117;121;140;149;130;151;169;164;182;188;183;189;201;234;265;265
32;95;109;111;128;125;151;167;145;164;180;177;185;189;187;196;226;255;277
33;124;98;126;129;127;136;158;199;152;169;195;171;190;196;191;200;243;271
34;106;120;103;133;136;133;150;167;200;165;176;193;181;196;206;205;215;256
35;92;118;128;121;142;139;154;156;173;202;154;182;195;186;208;216;222;229
36;107;92;124;143;122;137;150;183;162;167;193;161;173;195;192;206;227;230
37;99;115;99;130;147;132;153;156;194;165;164;191;165;179;195;188;220;236
38;106;107;113;108;128;152;135;173;165;187;166;162;195;162;188;188;198;220
39;115;115;110;127;116;122;163;145;185;163;182;160;168;194;168;189;188;194
40;103;119;115;116;130;121;126;186;156;183;157;179;159;167;183;155;193;191
41;97;103;116;122;123;135;132;134;191;162;175;157;174;155;168;180;166;199
42;87;106;108;120;126;128;143;138;131;184;151;176;157;167;148;167;188;183
43;82;87;106;113;126;128;131;149;136;122;177;141;174;159;170;137;171;194
44;90;80;85;108;110;122;129;136;156;127;112;167;142;169;157;162;145;178
45;92;86;80;88;104;106;127;144;136;154;125;118;160;145;162;152;156;154
46;89;97;89;83;91;108;107;132;142;131;151;112;120;152;139;157;148;159
47;89;102;87;86;82;89;111;117;136;135;129;142;117;115;139;132;150;150
48;82;84;101;90;91;83;93;116;113;135;138;125;142;114;113;137;133;158
49;95;84;80;104;91;91;82;98;112;109;130;133;122;143;117;104;134;134
50;84;94;76;76;104;93;93;88;94;108;106;124;131;123;136;111;101;137
51;76;77;88;75;77;102;96;91;89;92;115;104;124;125;121;128;107;105
52;68;73;76;89;77;72;101;95;87;83;91;108;102;119;119;112;124;106
53;65;66;68;74;84;76;79;102;92;82;81;88;110;97;110;110;110;117
54;58;69;63;68;72;83;78;77;97;87;78;76;90;109;93;105;112;113
55;48;61;62;61;65;72;91;82;82;94;87;73;75;87;108;91;102;116
56;40;46;63;62;62;60;69;92;79;76;91;82;75;79;85;102;94;106
57;27;35;41;58;60;58;60;66;85;78;69;87;85;75;74;84;103;96
58;36;23;29;39;51;55;57;57;63;83;75;69;89;84;72;69;84;107
59;33;35;22;28;38;47;55;61;55;60;83;68;68;93;84;72;69;85
60;37;31;34;21;26;36;48;56;57;53;62;79;71;65;88;77;72;74
61;37;34;32;34;22;23;36;48;58;54;51;57;79;71;63;88;78;75
62;29;32;32;31;31;18;22;37;43;57;52;51;56;78;69;62;87;80
63;23;26;30;30;30;30;20;25;35;38;53;46;51;52;74;68;61;87
64;28;18;23;26;30;30;26;20;24;33;31;46;47;53;50;67;68;59
65;15;23;18;20;25;28;32;28;19;25;31;28;45;45;49;46;70;71
66;15;12;20;14;20;23;28;29;26;18;24;30;30;42;45;43;45;71
67;17;9;11;21;15;20;25;30;28;25;18;23;30;27;41;44;41;40
68;16;15;4;8;20;12;19;24;29;26;24;15;22;28;27;42;41;42
69;12;15;18;2;9;18;13;18;22;29;24;22;16;21;28;27;43;43
70;14;8;15;17;2;9;16;10;18;20;26;20;22;16;20;26;31;44
71;10;12;9;14;19;0;10;14;11;16;18;21;19;20;16;21;27;32
72;11;9;11;9;13;19;1;9;12;12;15;15;20;18;21;16;21;29
73;7;8;6;9;7;12;17;1;9;11;13;16;13;20;18;18;15;23
74;12;5;5;6;9;7;13;17;2;8;10;13;17;14;20;17;17;14
75;9;11;2;4;8;9;7;13;14;2;8;9;11;16;12;19;15;19
76;9;8;10;2;5;7;10;8;12;13;3;8;9;12;15;13;17;17
77;7;7;5;7;3;3;8;10;8;10;12;1;8;8;12;13;14;15
78;14;4;6;5;6;3;4;7;8;7;9;12;1;7;8;10;14;13
79;5;11;2;7;5;6;3;3;6;7;7;9;9;1;7;8;11;14
80;10;4;11;3;6;3;6;2;3;6;7;7;9;9;4;7;9;9
81;8;10;4;11;2;5;2;5;1;3;6;4;7;8;9;3;5;6
82;6;7;6;4;10;2;5;3;4;0;3;5;4;7;9;9;3;2
83;9;4;5;7;4;9;3;4;2;3;0;4;5;3;7;9;8;3
84;7;6;3;5;7;3;7;1;3;2;2;0;4;5;3;7;10;8
85;2;4;6;3;5;6;3;6;1;3;2;2;2;2;2;3;4;8
86;5;1;3;6;3;4;5;3;5;1;4;2;2;0;2;2;3;4
87;3;2;1;3;6;3;4;4;2;2;0;1;2;2;0;2;2;4
88;4;0;1;0;3;6;3;4;4;2;1;0;1;2;2;0;2;2
89;5;2;0;1;0;3;6;3;3;4;2;1;0;0;2;2;0;2
90;1;3;2;0;1;0;1;3;1;3;3;1;1;0;0;2;2;0
91;4;1;2;2;0;1;0;1;3;1;3;3;1;1;0;0;0;3
92;4;5;0;2;2;0;1;0;0;3;1;1;1;1;1;0;0;0
93;0;3;4;1;2;2;0;1;0;0;1;0;2;1;1;1;0;1
94;1;1;1;3;1;2;0;0;1;0;0;1;0;1;0;1;1;0
95;1;1;0;0;3;0;2;0;0;1;0;0;1;0;1;0;1;1
96;0;1;1;0;0;3;0;0;0;0;1;0;0;0;0;1;0;1
97;0;0;1;0;0;0;1;0;0;0;0;0;1;0;0;0;1;0
98;0;0;0;0;0;0;0;1;0;0;0;0;0;1;0;0;0;1
99;0;0;0;0;0;0;0;0;1;0;0;0;0;0;0;0;0;0
100 e oltre;0;0;0;0;0;0;0;0;0;0;0;0;0;0;0;0;0;0
Totale;4331;4495;4723;5133;5401;5683;6364;7121;7648;7939;8129;8170;8399;8518;8711;9040;9844;10449
Età/Anno;2002;2003;2004;2005;2006;2007;2008;2009;2010;2011;2012;2013;2014;2015;2016;2017;2018;2019
Età;Femmine
0;39;49;33;49;42;77;77;92;87;118;126;127;117;107;111;108;112;84
1;29;47;56;43;52;43;79;78;95;95;126;122;125;110;99;104;108;103
2;33;33;50;60;46;53;55;89;82;102;98;132;123;121;104;97;101;112
3;39;40;33;52;60;49;54;62;86;83;108;102;132;121;119;98;98;104
4;26;40;38;32;57;65;60;59;67;92;88;111;101;130;111;114;101;102
5;40;32;41;42;41;58;81;69;66;67;96;89;111;103;122;100;118;102
6;37;46;35;45;42;44;64;89;80;65;72;95;91;109;98;115;103;117
7;30;42;48;38;54;43;47;78;93;87;69;74;98;92;105;90;108;103
8;35;34;49;56;46;57;50;54;77;95;91;74;79;95;87;97;89;110
9;43;39;31;48;61;51;63;63;65;75;101;95;78;76;88;79;97;92
10;35;47;47;39;48;62;62;66;70;69;70;99;96;72;69;77;80;97
11;41;37;44;44;44;56;73;69;74;73;69;67;95;93;68;62;77;83
12;30;47;38;45;48;53;64;85;73;80;76;72;64;91;85;59;62;79
13;24;35;49;39;48;50;62;80;93;74;80;75;70;61;83;82;62;64
14;27;27;37;51;42;49;57;67;84;96;78;78;80;69;54;73;81;68
15;31;31;28;41;61;53;51;69;74;87;101;76;81;79;65;48;68;84
16;37;33;28;31;45;68;67;59;75;75;87;98;78;78;76;62;48;77
17;40;42;35;30;39;55;68;74;67;85;85;86;97;74;76;68;62;49
18;46;39;40;40;32;44;59;70;79;71;88;83;82;90;68;64;63;58
19;34;46;37;37;51;41;50;70;77;90;75;90;85;88;87;71;61;71
20;64;38;49;41;47;61;50;67;76;87;106;78;95;90;93;91;78;69
21;55;67;51;59;48;49;75;66;89;91;101;108;82;105;92;96;108;84
22;69;63;67;58;63;57;66;99;94;117;105;103;123;88;106;97;104;110
23;58;71;77;83;79;74;81;95;129;119;144;115;114;129;91;104;111;108
24;76;79;77;85;88;103;97;118;130;152;144;154;126;113;126;104;105;125
25;85;86;108;104;101;110;121;130;147;149;189;153;163;138;117;134;124;110
26;105;105;109;119;119;122;148;143;147;168;166;188;158;167;142;132;160;130
27;115;114;121;123;116;127;145;168;159;164;190;178;200;169;167;165;146;166
28;118;137;129;139;144;134;151;164;184;171;175;192;188;200;170;177;187;149
29;113;136;151;141;156;150;165;181;185;197;177;180;201;192;205;187;195;188
30;114;134;150;159;157;161;175;175;185;190;200;179;175;199;202;205;194;197
31;118;127;150;169;168;166;177;174;182;194;193;198;191;174;200;214;207;200
32;125;126;137;163;165;178;177;202;182;194;209;182;204;190;176;204;221;203
33;94;138;133;152;173;166;192;195;202;189;187;206;187;203;192;178;209;224
34;116;100;144;138;161;180;183;208;206;209;196;181;202;191;195;195;189;211
35;117;123;103;150;145;160;192;196;212;209;199;192;176;206;186;200;200;185
36;111;116;129;115;159;147;169;198;194;213;202;194;202;182;205;180;205;199
37;93;119;117;128;119;173;155;180;205;204;204;199;191;202;185;193;178;206
38;95;91;123;123;127;129;169;165;179;205;185;195;204;190;201;174;195;178
39;104;98;87;128;127;134;139;175;170;175;205;182;197;198;185;200;173;193
40;82;96;103;95;132;128;136;146;177;170;177;199;187;186;192;178;207;180
41;98;83;96;107;97;134;132;147;155;176;168;177;202;188;173;186;197;212
42;87;99;83;97;108;98;136;135;150;166;175;172;186;202;187;168;189;207
43;76;84;97;83;100;115;106;141;139;150;165;174;175;178;195;182;167;198
44;80;72;79;92;89;93;121;123;146;138;160;161;176;182;180;186;185;168
45;94;78;75;82;94;94;91;122;124;149;140;162;166;175;176;171;182;190
46;101;91;77;78;80;94;94;107;121;122;152;138;169;167;160;161;172;187
47;103;99;91;78;78;85;101;110;113;138;121;153;138;172;158;153;154;179
48;96;94;99;92;74;82;89;104;120;113;136;126;154;133;167;146;156;157
49;100;91;87;95;85;74;84;99;114;128;115;134;138;155;132;167;147;166
50;97;92;90;86;96;87;75;86;104;120;131;117;143;137;144;126;163;156
51;103;91;89;91;82;98;93;81;97;113;125;131;119;142;133;137;136;164
52;84;93;90;89;88;81;105;96;85;97;116;125;140;124;141;129;139;136
53;98;79;85;84;86;96;81;109;112;97;106;124;137;146;121;141;133;148
54;97;86;79;82;82;85;96;91;119;107;104;106;135;139;145;123;137;137
55;53;89;79;74;72;76;81;106;95;127;107;106;115;135;131;140;126;148
56;41;49;81;76;72;66;75;88;109;106;134;111;107;122;132;133;139;137
57;49;38;44;71;70;69;72;82;92;108;107;132;110;107;121;125;138;142
58;40;45;35;40;66;68;69;67;82;93;108;107;144;114;101;117;126;139
59;47;36;41;33;38;65;66;70;72;89;89;107;111;137;109;107;119;128
60;47;42;35;37;31;36;60;64;77;74;85;86;106;109;137;106;105;123
61;40;45;42;33;37;29;37;54;63;74;70;88;89;109;108;135;111;115
62;40;36;40;39;30;35;27;36;55;67;69;76;93;93;106;103;142;112
63;27;37;33;36;36;32;33;27;37;55;66;70;78;91;87;106;108;144
64;31;24;33;28;37;33;31;32;29;36;53;68;71;76;88;87;103;102
65;20;27;24;28;27;36;32;29;33;27;32;51;67;67;75;82;88;95
66;22;19;27;20;28;30;34;30;32;28;26;35;55;64;66;72;81;94
67;32;21;20;24;19;28;28;38;30;33;28;27;39;55;66;69;72;79
68;24;28;18;18;26;16;29;26;41;29;31;26;28;37;53;63;71;77
69;24;22;24;14;15;23;18;29;29;40;25;31;27;25;35;50;60;66
70;16;21;22;24;14;17;23;15;28;28;38;26;30;28;23;37;49;61
71;14;14;21;19;22;12;20;25;13;25;29;38;26;26;29;26;37;46
72;22;16;13;17;17;22;12;19;25;9;26;29;38;24;25;27;25;38
73;13;19;15;12;17;16;20;12;19;22;10;22;28;36;21;22;27;26
74;19;12;18;14;9;16;15;19;9;19;22;10;21;27;35;21;20;25
75;19;16;12;17;13;10;16;14;19;7;18;21;11;18;25;34;22;21
76;22;16;14;10;15;11;11;15;15;17;6;19;20;11;16;26;32;21
77;21;20;13;12;9;13;9;12;13;14;15;8;20;21;11;14;26;28
78;23;20;18;11;12;9;11;8;10;11;14;13;8;18;22;9;15;26
79;17;21;19;14;11;10;7;10;7;9;9;10;15;8;15;20;8;14
80;10;16;20;15;13;9;9;7;9;8;8;9;10;15;10;14;18;8
81;18;10;16;17;15;12;11;9;6;8;6;4;8;10;14;10;15;17
82;12;16;8;15;16;13;10;9;6;3;6;5;4;8;11;14;9;15
83;7;10;16;8;14;14;12;8;10;3;2;4;6;4;7;11;13;9
84;9;6;10;14;7;12;12;12;7;8;3;2;3;7;5;7;10;12
85;3;6;6;9;11;6;10;11;11;4;7;1;2;3;7;4;7;9
86;11;1;4;3;7;11;4;7;9;11;3;6;1;2;2;7;4;8
87;15;9;0;4;4;5;7;4;5;7;10;2;5;1;2;2;5;4
88;16;13;8;1;2;3;5;4;4;5;6;8;3;4;2;4;2;6
89;9;13;11;6;0;2;2;5;2;4;4;6;7;1;4;2;4;3
90;5;8;11;8;5;0;2;1;5;0;4;4;8;5;1;3;2;4
91;5;3;7;8;7;4;0;2;1;3;0;4;3;8;3;1;3;3
92;3;3;2;7;7;5;4;1;2;2;3;1;4;2;5;2;1;4
93;7;1;2;2;6;6;4;3;1;2;1;2;2;2;2;5;3;1
94;4;3;1;2;2;4;4;3;2;0;1;1;1;0;2;1;2;2
95;1;2;3;0;2;2;2;3;2;2;0;1;1;1;0;3;1;0
96;0;2;2;1;0;2;1;2;2;1;2;0;1;1;1;0;2;0
97;0;0;2;2;1;0;2;1;2;1;1;0;0;0;1;1;0;1
98;0;0;0;2;2;1;0;2;0;1;0;0;0;0;0;1;1;0
99;1;0;0;0;1;2;1;0;0;0;1;0;0;0;0;0;0;0
100 e oltre;3;4;3;1;1;2;2;2;2;1;1;2;2;1;1;0;1;1
Totale;4899;5041;5202;5416;5658;5989;6550;7261;7819;8281;8638;8780;9155;9244;9132;9075;9405;9693
